author,author_type,url,location,deal_type,accommodation_type,floor,floors_count,rooms_count,total_meters,price_per_month,commissions,price,district,street,house_number,underground,residential_complex
MHEstate - Элитная недвижимость,real_estate_agent,https://www.cian.ru/sale/flat/300932847/,Москва,sale,flat,10,14,1,65.2,-1,0,35000000,Мещанский, Гиляровского,50,Проспект Мира,
Юлия Шмелева,realtor,https://www.cian.ru/sale/flat/301890265/,Москва,sale,flat,8,12,1,35.2,-1,0,13900000,Кунцево,Кунцевская ,19К3,Рабочий посёлок,
SITRealty,real_estate_agent,https://www.cian.ru/sale/flat/300609717/,Москва,sale,flat,4,7,1,40.0,-1,0,9850000,, Медовая Долина,2,Санино,Баркли Медовая долина
Whitewill,real_estate_agent,https://www.cian.ru/sale/flat/301897396/,Москва,sale,flat,37,37,1,48.0,-1,0,40000000,Хорошевский,Ленинградский проспект,37/6,Аэропорт,Прайм Парк
Unique,real_estate_agent,https://www.cian.ru/sale/flat/287678758/,Москва,sale,flat,4,26,1,46.0,-1,0,32000000,Очаково-Матвеевское,Нежинская ,5к2,Давыдково,Городские резиденции SPIRES
ЕГСН Продажа,real_estate_agent,https://www.cian.ru/sale/flat/295758505/,Москва,sale,flat,6,9,1,32.8,-1,0,8900000,Печатники,Шоссейная ,3,Печатники,
Century 21 Street Realty,real_estate_agent,https://www.cian.ru/sale/flat/293760838/,Москва,sale,flat,18,48,1,42.4,-1,0,19450000,Хорошево-Мневники, Народного Ополчения,15К1,Народное Ополчение,Wellton Towers
Kalinka Group,real_estate_agent,https://www.cian.ru/sale/flat/299888104/,Москва,sale,flat,44,65,1,52.0,-1,0,44000000,Пресненский,1-й Красногвардейский проезд,22с1,Москва-Сити,NEVA TOWERS
ID 113174200,homeowner,https://www.cian.ru/sale/flat/301362066/,Москва,sale,flat,8,9,1,33.0,-1,0,10540000,Черемушки, Цюрупы,15К3,Новые Черёмушки,
Никита Гаврилов,realtor,https://www.cian.ru/sale/flat/301850597/,Москва,sale,flat,4,12,1,35.2,-1,0,11950000,Царицыно,Кавказский бульвар,11,Кантемировская,
Whitewill Москва-Сити,real_estate_agent,https://www.cian.ru/sale/flat/297087850/,Москва,sale,flat,51,75,1,123.0,-1,0,99000000,Пресненский,1-й Красногвардейский проезд,15,Деловой центр,Меркурий Тауэр
Екатерина Федотова,realtor,https://www.cian.ru/sale/flat/301846703/,Москва,sale,flat,14,16,1,34.8,-1,0,11000000,Очаково-Матвеевское,Озерная ,29К3,Озёрная,
ID 73038306,real_estate_agent,https://www.cian.ru/sale/flat/301616082/,Москва,sale,flat,4,9,1,30.1,-1,0,12200000,Перово,2-я Владимирская ,3,Перово,
Екатерина Боброва,realtor,https://www.cian.ru/sale/flat/301837625/,Москва,sale,flat,7,12,1,35.0,-1,0,11000000,Лучшая просторная 1 к.кв. в е!1-комн. квартира,35 м²,,,
ЛэндЛ,real_estate_agent,https://www.cian.ru/sale/flat/294760157/,Москва,sale,flat,5,16,1,20.3,-1,0,6900000,Очаково-Матвеевское,Аминьевское шоссе,17,Давыдково,
Whitewill,real_estate_agent,https://www.cian.ru/sale/flat/301782648/,Москва,sale,flat,10,21,1,65.0,-1,0,67000000,Пресненский, Костикова,4к1,Улица 1905 года,Lucky
Whitewill Москва-Сити,real_estate_agent,https://www.cian.ru/sale/flat/299330003/,Москва,sale,flat,63,66,1,86.0,-1,0,96000000,Пресненский,1-й Красногвардейский проезд,22,Деловой центр,NEVA TOWERS
Ольга Троицкая,realtor,https://www.cian.ru/sale/flat/299702158/,Москва,sale,flat,3,16,1,39.0,-1,0,7100000,, Дмитрия Кабалевского,20,Ватутинки,
ID 115757863,homeowner,https://www.cian.ru/sale/flat/301203125/,Москва,sale,flat,9,30,1,38.0,-1,0,14000000,Южнопортовый,Волгоградский проспект,32/5к1,Волгоградский проспект,
Лофт Инвест,real_estate_agent,https://www.cian.ru/sale/flat/299893948/,Москва,sale,flat,5,16,1,38.9,-1,0,11300000,Отрадное,Алтуфьевское шоссе,2,Владыкино,
Кремлёвские Ключи,real_estate_agent,https://www.cian.ru/sale/flat/301136222/,Москва,sale,flat,2,6,1,9.6,-1,0,3090000,Северное Измайлово,Сиреневый бульвар,15,Щёлковская,
СОВКОМБАНК,official_representative,https://www.cian.ru/sale/flat/297233032/,Москва,sale,flat,12,12,1,39.0,-1,0,9750000,Гольяново,Уральская ,1,Щёлковская,
ФОРА,real_estate_agent,https://www.cian.ru/sale/flat/294768332/,Москва,sale,flat,4,6,1,39.3,-1,0,15500000,Хорошевский,2-й Хорошевский проезд,9К1,Полежаевская,
Homeprice,real_estate_agent,https://www.cian.ru/sale/flat/301044462/,Москва,sale,flat,2,5,1,38.0,-1,0,11200000,Академический, Шверника,14/1К1,Академическая,
EstateLiga,real_estate_agent,https://www.cian.ru/sale/flat/300329807/,Москва,sale,flat,3,18,1,48.0,-1,0,31990000,Раменки, Янковского,1к2,Аминьевская,Событие
Владис,real_estate_agent,https://www.cian.ru/sale/flat/301837496/,Москва,sale,flat,10,28,1,45.0,-1,0,15499000,Щукино,Волоколамское шоссе,24к1,Стрешнево,Волоколамское 24
ID 96167522,realtor,https://www.cian.ru/sale/flat/298016918/,Москва,sale,flat,3,9,1,30.3,-1,0,6825000,Люблино, Верхние Поля,27С2,Братиславская,
Юлия Иванова,realtor,https://www.cian.ru/sale/flat/301083049/,Москва,sale,flat,45,52,1,43.1,-1,0,25450000,Хорошево-Мневники, Народного Ополчения,15К1,Народное Ополчение,Wellton Towers
ID 96167522,realtor,https://www.cian.ru/sale/flat/301361857/,Москва,sale,flat,5,9,1,29.5,-1,0,6688500,Люблино, Верхние Поля,27С2,Братиславская,
ВСЁ ПРОСТО,real_estate_agent,https://www.cian.ru/sale/flat/300552265/,Москва,sale,flat,8,9,1,33.0,-1,0,8400000,Текстильщики,Люблинская ,35К1,Печатники,
ID 96167522,realtor,https://www.cian.ru/sale/flat/295766411/,Москва,sale,flat,9,9,1,35.3,-1,0,8977500,Люблино, Верхние Поля,27С2,Братиславская,
ID 96167522,realtor,https://www.cian.ru/sale/flat/299789518/,Москва,sale,flat,6,9,1,26.9,-1,0,6507900,Люблино, Верхние Поля,27С2,Братиславская,
ID 95750222,unknown,https://www.cian.ru/sale/flat/300989405/,Москва,sale,flat,6,9,1,33.0,-1,0,14900000,Сокольники, Шумкина,15,Сокольники,
ID 96167522,realtor,https://www.cian.ru/sale/flat/298016388/,Москва,sale,flat,1,9,1,29.8,-1,0,6370000,Люблино, Верхние Поля,27С2,Братиславская,
ID 96167522,realtor,https://www.cian.ru/sale/flat/296746996/,Москва,sale,flat,9,9,1,35.1,-1,0,7220000,Люблино, Верхние Поля,27С2,Братиславская,
ЛэндЛ,real_estate_agent,https://www.cian.ru/sale/flat/300127778/,Москва,sale,flat,4,5,1,33.0,-1,0,12000000,Академический, Дмитрия Ульянова,9/11К1,Академическая,
ID 96167522,realtor,https://www.cian.ru/sale/flat/294228710/,Москва,sale,flat,8,9,1,37.0,-1,0,9215000,Люблино, Верхние Поля,27С2,Братиславская,
ID 96167522,realtor,https://www.cian.ru/sale/flat/298016618/,Москва,sale,flat,4,9,1,36.1,-1,0,9120000,Люблино, Верхние Поля,27С2,Братиславская,
ХОРЕКА ИНВЕСТ,real_estate_agent,https://www.cian.ru/sale/flat/300522888/,Москва,sale,flat,4,5,1,15.9,-1,0,3975000,Перово, 2-я Энтузиастов,5,Авиамоторная,
Whitewill,real_estate_agent,https://www.cian.ru/sale/flat/301520908/,Москва,sale,flat,3,14,1,62.0,-1,0,63000000,Замоскворечье,Мытная ,7с1,Серпуховская,Английский квартал
ID 96167522,realtor,https://www.cian.ru/sale/flat/294226529/,Москва,sale,flat,5,9,1,36.1,-1,0,9120000,Люблино, Верхние Поля,27С2,Братиславская,
Игорь Рупасов,realtor,https://www.cian.ru/sale/flat/300251102/,Москва,sale,flat,13,17,1,35.0,-1,0,15497737,Хорошево-Мневники,проспект Маршала Жукова,37К2,Народное Ополчение,Wellton park
Est-a-Tet – Вторичная недвижимость,real_estate_agent,https://www.cian.ru/sale/flat/301130958/,Москва,sale,flat,16,21,1,48.6,-1,0,25750000,Щукино,Щукинская ,3,Стрешнево,Интонация
ID 96167522,realtor,https://www.cian.ru/sale/flat/296747241/,Москва,sale,flat,4,9,1,36.0,-1,0,9120000,Люблино, Верхние Поля,27С2,Братиславская,
На Петровке,real_estate_agent,https://www.cian.ru/sale/flat/301891372/,Москва,sale,flat,9,21,1,41.7,-1,0,12990000,Новогиреево,Свободный проспект,25К2,Новогиреево,
ID 96167522,realtor,https://www.cian.ru/sale/flat/294926973/,Москва,sale,flat,7,9,1,36.9,-1,0,9215000,Люблино, Верхние Поля,27С2,Братиславская,
ID 96167522,realtor,https://www.cian.ru/sale/flat/298882717/,Москва,sale,flat,9,9,1,36.5,-1,0,9215000,Люблино, Верхние Поля,27С2,Братиславская,
Самолет Плюс Москва ЦАО,real_estate_agent,https://www.cian.ru/sale/flat/300136053/,Москва,sale,flat,3,9,1,32.6,-1,0,9800000,Восточное Измайлово,9-я Парковая ,2,Первомайская,
ID 96167522,realtor,https://www.cian.ru/sale/flat/297465291/,Москва,sale,flat,7,9,1,36.3,-1,0,9215000,Люблино, Верхние Поля,27С2,Братиславская,
ID 96167522,realtor,https://www.cian.ru/sale/flat/295766589/,Москва,sale,flat,9,9,1,35.9,-1,0,9072500,Люблино, Верхние Поля,27С2,Братиславская,
РОСТ-РИЕЛТ на Таганской,real_estate_agent,https://www.cian.ru/sale/flat/299798021/,Москва,sale,flat,2,9,1,31.0,-1,0,9000000,Соколиная гора,Измайловское шоссе,29,Семёновская,
ГОРОБМЕН,real_estate_agent,https://www.cian.ru/sale/flat/299055856/,Москва,sale,flat,2,9,1,33.6,-1,0,15500000,Мещанский,Трифоновская ,56,Рижская,
Homeapp,real_estate_agent,https://www.cian.ru/sale/flat/299093726/,Москва,sale,flat,4,4,1,39.9,-1,0,11700000,Южное Тушино,Окружная ,2,Трикотажная,
Место,real_estate_agent,https://www.cian.ru/sale/flat/298979276/,Москва,sale,flat,11,16,1,44.4,-1,0,12400000,Печатники, Гурьянова,4К1,Печатники,
ID 13544436,realtor,https://www.cian.ru/sale/flat/299397912/,Москва,sale,flat,12,16,1,38.5,-1,0,11890000,,проспект Магеллана,5,Филатов Луг,
Intermark Real Estate,real_estate_agent,https://www.cian.ru/sale/flat/300812067/,Москва,sale,flat,8,17,1,36.2,-1,0,27000000,Тверской,Садовая-Триумфальная ,22/31,Маяковская,
Максим Степанов,realtor,https://www.cian.ru/sale/flat/301343617/,Москва,sale,flat,10,12,1,39.1,-1,0,11400000,Отрадное,Олонецкая ,15Б,Отрадное,
ХОРЕКА ИНВЕСТ,real_estate_agent,https://www.cian.ru/sale/flat/301564205/,Москва,sale,flat,4,5,1,18.8,-1,0,4700000,Перово, 2-я Энтузиастов,5,Авиамоторная,
ID 112582351,realtor,https://www.cian.ru/sale/flat/301044096/,Москва,sale,flat,12,22,1,20.5,-1,0,9200000,Тропарево-Никулино,Ленинский проспект,158,Юго-Западная,
MERSI,real_estate_agent,https://www.cian.ru/sale/flat/299203398/,Москва,sale,flat,6,18,1,40.9,-1,0,16900000,Академический,Новочеремушкинская ,35к2,Профсоюзная,
Msk Estate,real_estate_agent,https://www.cian.ru/sale/flat/301891999/,Москва,sale,flat,16,22,1,17.3,-1,0,7300000,Тропарево-Никулино,Ленинский проспект,158,Юго-Западная,
НДВ,real_estate_agent,https://www.cian.ru/sale/flat/300249602/,Москва,sale,flat,1,4,1,14.3,-1,0,15200000,Тверской,Страстной бульвар,12С1,Пушкинская,
Геннадий Устинов,realtor,https://www.cian.ru/sale/flat/298520004/,Москва,sale,flat,4,5,1,32.1,-1,0,12500000,Хорошевский,проезд Аэропорта,6,Аэропорт,
ID 85283713,homeowner,https://www.cian.ru/sale/flat/301519256/,Москва,sale,flat,24,24,1,42.0,-1,0,12200000,Северное Бутово, Грина,1к8,Бульвар Дмитрия Донского,
Intermark Real Estate,real_estate_agent,https://www.cian.ru/sale/flat/300140948/,Москва,sale,flat,11,20,1,44.0,-1,0,22500000,Левобережный,Ленинградское шоссе,69,Беломорская,Aquatoria
ЛИДЕР,real_estate_agent,https://www.cian.ru/sale/flat/300895436/,Москва,sale,flat,7,12,1,27.6,-1,0,6950000,Матушкино,Зеленоград,к158,Зеленоград — Крюково,
Максим  Колесников,realtor,https://www.cian.ru/sale/flat/301350226/,Москва,sale,flat,21,25,1,33.5,-1,0,11950000,Кунцево,№ 100 кв-л,1к3,Павшино,Мякинино парк
ХОРЕКА ИНВЕСТ,real_estate_agent,https://www.cian.ru/sale/flat/292414373/,Москва,sale,flat,16,22,1,14.3,-1,0,7450000,Тропарево-Никулино,Ленинский проспект,158,Тропарёво,
Этажи Москва,real_estate_agent,https://www.cian.ru/sale/flat/301570159/,Москва,sale,flat,2,12,1,42.6,-1,0,11299000,,бульвар Веласкеса,1к1,Филатов Луг,Испанские кварталы
ХОРЕКА ИНВЕСТ,real_estate_agent,https://www.cian.ru/sale/flat/301906475/,Москва,sale,flat,16,22,1,17.3,-1,0,7700000,Тропарево-Никулино,Ленинский проспект,158,Юго-Западная,
НДВ,real_estate_agent,https://www.cian.ru/sale/flat/294733815/,Москва,sale,flat,4,5,1,31.1,-1,0,10500000,Северное Измайлово,Сиреневый бульвар,65К4,Первомайская,
ИПОМАКС,real_estate_agent,https://www.cian.ru/sale/flat/301152007/,Москва,sale,flat,4,9,1,28.2,-1,0,5600000,,,18,Апрелевка,
PROНЕДВИЖИМОСТЬ,real_estate_agent,https://www.cian.ru/sale/flat/298376026/,Москва,sale,flat,15,30,1,37.5,-1,0,14500000,Южнопортовый,Волгоградский проспект,32/5к1,Угрешская,
ХОРЕКА ИНВЕСТ,real_estate_agent,https://www.cian.ru/sale/flat/294621795/,Москва,sale,flat,16,22,1,19.3,-1,0,8840000,Тропарево-Никулино,Ленинский проспект,158,Юго-Западная,
ID 88240881,homeowner,https://www.cian.ru/sale/flat/301874646/,Москва,sale,flat,10,12,1,46.0,-1,0,17700000,Филевский парк,Береговой проезд,9К5,Фили,
НДВ,real_estate_agent,https://www.cian.ru/sale/flat/300153550/,Москва,sale,flat,3,3,1,14.3,-1,0,4350000,Нижегородский,шоссе Фрезер,17АС1,Нижегородская,
НДВ,real_estate_agent,https://www.cian.ru/sale/flat/297855046/,Москва,sale,flat,10,12,1,36.1,-1,0,9850000,Северное Измайлово,11-я Парковая ,48К2,Щёлковская,
BERI,real_estate_agent,https://www.cian.ru/sale/flat/300098216/,Москва,sale,flat,5,9,1,33.1,-1,0,9990000,Восточное Дегунино,Дубнинская ,16К6,Дегунино,
ХОРЕКА ИНВЕСТ,real_estate_agent,https://www.cian.ru/sale/flat/294623881/,Москва,sale,flat,15,22,1,19.9,-1,0,8060000,Тропарево-Никулино,Ленинский проспект,158,Юго-Западная,
ZAPAD REALTY - офис Маршала Жукова,real_estate_agent,https://www.cian.ru/sale/flat/293749407/,Москва,sale,flat,18,21,1,46.7,-1,0,17999900,Хорошево-Мневники, Народного Ополчения,13,Народное Ополчение,Wellton Gold
Елена Павлова,realtor,https://www.cian.ru/sale/flat/301860935/,Москва,sale,flat,1,16,1,37.6,-1,0,8900000,Марьино,Донецкая ,4,Перерва,
Князев и Партнёры,real_estate_agent,https://www.cian.ru/sale/flat/300938234/,Москва,sale,flat,2,2,1,30.0,-1,0,9900000,Текстильщики,Грайвороновская ,4С2,Текстильщики,
ХОРЕКА ИНВЕСТ,real_estate_agent,https://www.cian.ru/sale/flat/292542632/,Москва,sale,flat,22,22,1,19.4,-1,0,8880000,Тропарево-Никулино,Ленинский проспект,158,Тропарёво,
Homeapp,real_estate_agent,https://www.cian.ru/sale/flat/301804694/,Москва,sale,flat,13,13,1,42.3,-1,0,14499999,Коньково, Введенского,5,Беляево,
ПИА Недвижимость,real_estate_agent,https://www.cian.ru/sale/flat/301398177/,Москва,sale,flat,25,25,1,53.1,-1,0,17050000,Кв-ра в развитом е!1-комн. квартира,25/25 этаж,,,
ID 71755644,unknown,https://www.cian.ru/sale/flat/301847640/,Москва,sale,flat,5,15,1,35.0,-1,0,11800000,Сосенское поселение,проспект Куприна,1к2,,
Homeapp,real_estate_agent,https://www.cian.ru/sale/flat/301737950/,Москва,sale,flat,8,17,1,38.0,-1,0,9000000,Бирюлево Восточное,6-я Радиальная ,7/1к1,Царицыно,Царицыно-2
Брусника Обмен,real_estate_agent,https://www.cian.ru/sale/flat/297827625/,Москва,sale,flat,20,23,1,49.0,-1,0,24900000,Можайский,Гжатская ,5к4,Давыдково,LIFE-Кутузовский
Самолет Плюс Москва ЦАО,real_estate_agent,https://www.cian.ru/sale/flat/301717037/,Москва,sale,flat,4,5,1,31.3,-1,0,10400000,Южное Тушино,Аэродромная ,12К1,Сходненская,
Homeapp,real_estate_agent,https://www.cian.ru/sale/flat/298340622/,Москва,sale,flat,12,27,1,44.1,-1,0,19000000,Хорошевский, Зорге,9к1,Зорге,Рихард
Эксклюзив Хоум,real_estate_agent,https://www.cian.ru/sale/flat/300622311/,Москва,sale,flat,3,8,1,49.7,-1,0,15950000,Лефортово,Энергетическая ,22,Авиамоторная,
ID 238185,unknown,https://www.cian.ru/sale/flat/300985679/,Москва,sale,flat,9,9,1,32.5,-1,0,12290000,Строгино, Исаковского,12К2,Строгино,
CENTURY 21 Столичная недвижимость,real_estate_agent,https://www.cian.ru/sale/flat/298503162/,Москва,sale,flat,13,16,1,34.2,-1,0,9900000,Теплый Стан, Генерала Тюленева,29К1,Тёплый Стан,
Монолит Столица,real_estate_agent,https://www.cian.ru/sale/flat/295404061/,Москва,sale,flat,2,3,1,30.0,-1,0,6200000,, Центральная,35,Крёкшино,
Эксклюзив Хоум,real_estate_agent,https://www.cian.ru/sale/flat/300670685/,Москва,sale,flat,4,5,1,30.0,-1,0,9700000,Южное Тушино,Лодочная ,35С1,Сходненская,
Макспол Парк Культуры,real_estate_agent,https://www.cian.ru/sale/flat/299599495/,Москва,sale,flat,2,12,1,31.05,-1,0,10400000,Чертаново Южное, Академика Янгеля,8,Улица Академика Янгеля,
Homeapp,real_estate_agent,https://www.cian.ru/sale/flat/301277267/,Москва,sale,flat,18,21,1,49.2,-1,0,23990000,Тропарево-Никулино, Мичуринский проспект Олимпийская деревня,1к1,Мичуринский проспект,Чемпион парк
Самолет Плюс Москва ЦАО,real_estate_agent,https://www.cian.ru/sale/flat/301080289/,Москва,sale,flat,15,17,1,49.6,-1,0,12300000,Северное Бутово,Коктебельская ,8,Бульвар Дмитрия Донского,
Этажи Москва,real_estate_agent,https://www.cian.ru/sale/flat/301928354/,Москва,sale,flat,4,14,1,37.0,-1,0,13200000,Зюзино,Одесская ,22К4,Каховская,
АЛЬФА 2017,real_estate_agent,https://www.cian.ru/sale/flat/301401833/,Москва,sale,flat,3,19,1,39.4,-1,0,9500000,, Москвитина,3к1,Рассказовка,Город-парк Первый Московский
Владис,real_estate_agent,https://www.cian.ru/sale/flat/300870617/,Москва,sale,flat,2,9,1,32.0,-1,0,11200000,Кунцево,Ельнинская ,22К1,Молодёжная,
Бест офис на Таганской,real_estate_agent,https://www.cian.ru/sale/flat/300728418/,Москва,sale,flat,3,19,1,55.7,-1,0,21000000,Хорошево-Мневники,проспект Маршала Жукова,76к2,Народное Ополчение,
СЕДЬМОЕ НЕБО,real_estate_agent,https://www.cian.ru/sale/flat/301279667/,Москва,sale,flat,20,31,1,30.0,-1,0,14950000,Марфино,,к1,Владыкино,Вери ЖК
ID 176308,realtor,https://www.cian.ru/sale/flat/299367215/,Москва,sale,flat,4,12,1,38.6,-1,0,9500000,Бирюлево Восточное,Загорьевская ,23к2,,
ОГРК,real_estate_agent,https://www.cian.ru/sale/flat/298838173/,Москва,sale,flat,2,15,1,48.8,-1,0,12700000,Бирюлево Восточное,6-я Радиальная ,5к1,Царицыно,Царицыно
Homeapp,real_estate_agent,https://www.cian.ru/sale/flat/299938068/,Москва,sale,flat,14,17,1,37.9,-1,0,10450000,Братеево, Борисовские Пруды,18К1,Борисово,
Городские квартиры,real_estate_agent,https://www.cian.ru/sale/flat/301724124/,Москва,sale,flat,2,12,1,38.9,-1,0,11490000,Южное Тушино,Химкинский бульвар,21,Сходненская,
Манхэттен эстейт,real_estate_agent,https://www.cian.ru/sale/flat/301755324/,Москва,sale,flat,10,12,1,41.0,-1,0,11500000,, Липовый Парк,2,Коммунарка,Москва А101
Этажи Москва,real_estate_agent,https://www.cian.ru/sale/flat/301640179/,Москва,sale,flat,4,9,1,40.87,-1,0,7349000,, Золотошвейная,3,Филатов Луг,Цветочные Поляны
МОЯ СТОЛИЦА,real_estate_agent,https://www.cian.ru/sale/flat/297849335/,Москва,sale,flat,7,9,1,32.0,-1,0,11000000,Ломоносовский, Гарибальди,4К5,Новаторская,
Homeapp,real_estate_agent,https://www.cian.ru/sale/flat/301622153/,Москва,sale,flat,2,9,1,32.0,-1,0,14500000,Хорошево-Мневники,проспект Маршала Жукова,10,Народное Ополчение,
Homeapp,real_estate_agent,https://www.cian.ru/sale/flat/300419481/,Москва,sale,flat,2,12,1,35.2,-1,0,11200000,Коптево,бульвар Матроса Железняка,11А,Коптево,
Msk Estate,real_estate_agent,https://www.cian.ru/sale/flat/298720724/,Москва,sale,flat,2,4,1,17.5,-1,0,7840000,Соколиная гора,Щербаковская ,53К17,Измайлово,
Оксана Гимишян,realtor,https://www.cian.ru/sale/flat/301316819/,Москва,sale,flat,15,22,1,37.3,-1,0,13800000,Нагорный,Ялтинская ,1,Варшавская,
Станислава Яткевич,realtor,https://www.cian.ru/sale/flat/294768716/,Москва,sale,flat,10,15,1,37.8,-1,0,16800000,Лефортово,проезд Шелихова,2,Площадь Ильича,Символ
ID 182291,real_estate_agent,https://www.cian.ru/sale/flat/301961547/,Москва,sale,flat,4,12,1,34.9,-1,0,11950000,Северное Медведково,Полярная ,36,Медведково,
ОГРК,real_estate_agent,https://www.cian.ru/sale/flat/301108336/,Москва,sale,flat,17,17,1,38.0,-1,0,9550000,Западное Дегунино,Ангарская ,22К1,Грачёвская,
Homeapp,real_estate_agent,https://www.cian.ru/sale/flat/299732160/,Москва,sale,flat,8,9,1,39.7,-1,0,10760000,Перово,1-я Владимирская ,18К5,Перово,
ID 13122541,unknown,https://www.cian.ru/sale/flat/300779111/,Москва,sale,flat,14,17,1,38.0,-1,0,10500000,Южное Медведково, Молодцова,3,Бабушкинская,
Prime,real_estate_agent,https://www.cian.ru/sale/flat/300941020/,Москва,sale,flat,2,28,1,46.3,-1,0,18400000,Даниловский,1-я оч.,к7,ЗИЛ,Shagal
Homeapp,real_estate_agent,https://www.cian.ru/sale/flat/296063154/,Москва,sale,flat,2,14,1,47.6,-1,0,21000000,Преображенское,Краснобогатырская ,90С2,Преображенская площадь,Наследие
Владис,real_estate_agent,https://www.cian.ru/sale/flat/301975471/,Москва,sale,flat,4,16,1,34.3,-1,0,13000000,Нагорный,Симферопольский бульвар,37к1,Чертановская,
Этажи Москва,real_estate_agent,https://www.cian.ru/sale/flat/298623428/,Москва,sale,flat,2,12,1,38.9,-1,0,9100000,Марьино,Донецкая ,18К2,Курьяново,
BARNES International Realty,real_estate_agent,https://www.cian.ru/sale/flat/301019177/,Москва,sale,flat,31,34,1,36.0,-1,0,22000000,Хорошево-Мневники,Шелепихинская набережная,34,Шелепиха,Сердце Столицы
Prestige-Resulting,real_estate_agent,https://www.cian.ru/sale/flat/300301003/,Москва,sale,flat,1,12,1,36.0,-1,0,9500000,Южное Бутово,Южнобутовская ,76,Бунинская аллея,
EstateLiga,real_estate_agent,https://www.cian.ru/sale/flat/299731071/,Москва,sale,flat,8,12,1,44.0,-1,0,13500000,, Татьянин Парк,14к3,Говорово,Татьянин Парк
Московский Риэлторский Центр,real_estate_agent,https://www.cian.ru/sale/flat/301158947/,Москва,sale,flat,4,17,1,37.9,-1,0,9800000,Северное Бутово,Куликовская ,7,Бульвар Дмитрия Донского,
Макспол Парк Культуры,real_estate_agent,https://www.cian.ru/sale/flat/298907853/,Москва,sale,flat,5,9,1,39.1,-1,0,13600000,Алексеевский, Бориса Галушкина,18,ВДНХ,
Homeapp,real_estate_agent,https://www.cian.ru/sale/flat/301379769/,Москва,sale,flat,16,17,1,30.9,-1,0,8500000,Бирюлево Восточное,6-я Радиальная ,7,Царицыно,Царицыно-2
Владис,real_estate_agent,https://www.cian.ru/sale/flat/301156926/,Москва,sale,flat,4,9,1,25.5,-1,0,10000000,Хорошево-Мневники, Народного Ополчения,22К1,Народное Ополчение,
ID 157322,realtor,https://www.cian.ru/sale/flat/301226797/,Москва,sale,flat,2,10,1,47.1,-1,0,9700000,, Липовый Парк,8к1,Коммунарка,Москва А101
Alliance Agency Real Estate,real_estate_agent,https://www.cian.ru/sale/flat/298254403/,Москва,sale,flat,4,33,1,42.9,-1,0,23900000,Останкинский, Годовикова,11к2,Алексеевская,iLove
Homeapp,real_estate_agent,https://www.cian.ru/sale/flat/300297108/,Москва,sale,flat,21,22,1,34.0,-1,0,17000000,Хорошевский,1-я Магистральная ,25,Хорошёвская,Сити-комплекс Мята
ID 590915,realtor,https://www.cian.ru/sale/flat/301911914/,Москва,sale,flat,5,14,1,38.0,-1,0,9100000,Некрасовка,1-я Вольская ,10,Люберцы,
MadeState,real_estate_agent,https://www.cian.ru/sale/flat/301364480/,Москва,sale,flat,18,42,1,40.7,-1,0,26500000,Хорошевский,Ленинградский проспект,37/3,Аэропорт,Прайм Парк
Homeapp,real_estate_agent,https://www.cian.ru/sale/flat/301573550/,Москва,sale,flat,9,18,1,35.0,-1,0,22600000,Таганский,Марксистская ,1к1,Марксистская,
МИЭЛЬ,real_estate_agent,https://www.cian.ru/sale/flat/295649148/,Москва,sale,flat,3,3,1,18.9,-1,0,5570000,Басманный,Большая Почтовая ,38С6,Электрозаводская,
Монолит Столица,real_estate_agent,https://www.cian.ru/sale/flat/301267118/,Москва,sale,flat,13,23,1,104.0,-1,0,44700000,Басманный,набережная Академика Туполева,15,Бауманская,Каскад
Homeapp,real_estate_agent,https://www.cian.ru/sale/flat/301184666/,Москва,sale,flat,12,22,1,45.0,-1,0,22500000,Тропарево-Никулино,Озерная ,35,Озёрная,Пикассо
Этажи Москва,real_estate_agent,https://www.cian.ru/sale/flat/300936684/,Москва,sale,flat,9,9,1,33.7,-1,0,10488000,Коньково,Профсоюзная ,99,Беляево,
ID 11311889,unknown,https://www.cian.ru/sale/flat/301085182/,Москва,sale,flat,20,28,1,21.5,-1,0,18500000,Даниловский,Дубининская ,59А,Серпуховская,Павелецкая Сити
Метр-Инфо,real_estate_agent,https://www.cian.ru/sale/flat/301808361/,Москва,sale,flat,11,25,1,46.0,-1,0,25700000,Очаково-Матвеевское,Нежинская ,5к2,Матвеевская,Городские резиденции SPIRES
ID 61564218,unknown,https://www.cian.ru/sale/flat/301103601/,Москва,sale,flat,15,15,1,44.2,-1,0,11900000,Солнцево,Родниковая ,5А,,
do A.S.A.P.,real_estate_agent,https://www.cian.ru/sale/flat/299198123/,Москва,sale,flat,9,46,1,43.5,-1,0,23000000,Хорошево-Мневники,Шелепихинская набережная,34к6,Шелепиха,Сердце Столицы
Century21 Феникс,real_estate_agent,https://www.cian.ru/sale/flat/300726879/,Москва,sale,flat,1,5,1,14.0,-1,0,10770000,Басманный, Покровка,31С1г,Курская,
Сергей Таранец,realtor,https://www.cian.ru/sale/flat/298748477/,Москва,sale,flat,4,6,1,32.0,-1,0,9300000,Северное Измайлово,Сиреневый бульвар,47,Щёлковская,
Prime,real_estate_agent,https://www.cian.ru/sale/flat/301038952/,Москва,sale,flat,3,16,1,31.0,-1,0,10111111,,проспект Магеллана,1,Прокшино,Испанские кварталы
ID 99674200,realtor,https://www.cian.ru/sale/flat/300369462/,Москва,sale,flat,12,21,1,41.0,-1,0,52000000,Якиманка,Донская ,14К2,Шаболовская,Медный 3.14
Самолет Плюс Москва ЦАО,real_estate_agent,https://www.cian.ru/sale/flat/300301779/,Москва,sale,flat,1,14,1,37.5,-1,0,10500000,Войковский,Вокзальный переулок,10,Красный Балтиец,
ГОРОДА,real_estate_agent,https://www.cian.ru/sale/flat/301134253/,Москва,sale,flat,9,14,1,35.0,-1,0,8990000,Южное Тушино,проезд Донелайтиса,12К1,Трикотажная,
NEWPOLIS,real_estate_agent,https://www.cian.ru/sale/flat/300992263/,Москва,sale,flat,24,24,1,44.0,-1,0,12400000,Северное Бутово, Грина,1к8,Бульвар Дмитрия Донского,
ID 547411,homeowner,https://www.cian.ru/sale/flat/299679325/,Москва,sale,flat,12,14,1,38.6,-1,0,8950000,Некрасовка,1-я Вольская ,6к1,Люберцы,
Novel Estates,real_estate_agent,https://www.cian.ru/sale/flat/300859548/,Москва,sale,flat,9,15,1,72.0,-1,0,58000000,Раменки,Университетский проспект,16,Ломоносовский проспект,
ID 109135729,realtor,https://www.cian.ru/sale/flat/301306833/,Москва,sale,flat,11,15,1,40.3,-1,0,23300000,Раменки,Винницкая ,8к2,Раменки,Настоящее
ЕГСН Продажа,real_estate_agent,https://www.cian.ru/sale/flat/297954576/,Москва,sale,flat,6,15,1,40.9,-1,0,9399000,, Потаповская Роща,26к3,Потапово,Белые ночи
ID 20815374,unknown,https://www.cian.ru/sale/flat/299768562/,Москва,sale,flat,5,22,1,31.0,-1,0,13950000,Щукино,Большой Волоколамский проезд,23,Стрешнево,Комплекс апартаментов B’aires
do A.S.A.P.,real_estate_agent,https://www.cian.ru/sale/flat/301120641/,Москва,sale,flat,7,14,1,40.1,-1,0,20000000,Даниловский, Родченко,2,ЗИЛ,ЗИЛАРТ
Марина Татаринцева,realtor,https://www.cian.ru/sale/flat/299893429/,Москва,sale,flat,9,9,1,32.7,-1,0,8490000,Вешняки,Вешняковская ,27К2,Выхино,
ID 413522,realtor,https://www.cian.ru/sale/flat/301734970/,Москва,sale,flat,6,9,1,59.2,-1,0,68000000,Раменки,Мосфильмовская ,1сА,Ломоносовский проспект,Вишневый сад
ID 109135729,realtor,https://www.cian.ru/sale/flat/300935784/,Москва,sale,flat,6,14,1,27.0,-1,0,15500000,Раменки,проспект Генерала Дорохова,39к1Б,Минская,Собрание клубных домов West Garden
ID 81968881,homeowner,https://www.cian.ru/sale/flat/301785087/,Москва,sale,flat,16,16,1,40.0,-1,0,10500000,,проезд Чечерский,128,Бунинская аллея,Новое Бутово
do A.S.A.P.,real_estate_agent,https://www.cian.ru/sale/flat/299579932/,Москва,sale,flat,4,14,1,45.0,-1,0,24900000,Раменки,проспект Генерала Дорохова,39к2А,Минская,
Владис,real_estate_agent,https://www.cian.ru/sale/flat/295854506/,Москва,sale,flat,18,25,1,41.1,-1,0,21390000,Хорошево-Мневники,Шелепихинская набережная,40к1,Шелепиха,Sydney City
ID 21297,realtor,https://www.cian.ru/sale/flat/296403483/,Москва,sale,flat,3,13,1,34.0,-1,0,7500000,,шоссе Рязановское,31к1,Силикатная,
Юлия Сатонина,realtor,https://www.cian.ru/sale/flat/300686032/,Москва,sale,flat,3,25,1,37.4,-1,0,22500000,Хорошево-Мневники,Шелепихинская набережная,40к2,Шелепиха,Sydney City
ID 109135729,realtor,https://www.cian.ru/sale/flat/300650861/,Москва,sale,flat,8,14,1,26.9,-1,0,15700000,Раменки,проспект Генерала Дорохова,39к1В,Минская,Собрание клубных домов West Garden
ID 80381933,realtor,https://www.cian.ru/sale/flat/301455189/,Москва,sale,flat,22,22,1,42.3,-1,0,12200000,, Анны Ахматовой,14,Рассказовка,Переделкино Ближнее Город-парк
Инженер,real_estate_agent,https://www.cian.ru/sale/flat/298769395/,Москва,sale,flat,3,39,1,45.0,-1,0,24500000,Раменки, Лобачевского,120к1,Аминьевская,Крылья
ГОРОБМЕН,real_estate_agent,https://www.cian.ru/sale/flat/294397304/,Москва,sale,flat,11,24,1,38.3,-1,0,10300000,Можайский,Беловежская ,37К1,Сетунь,
ID 88424902,unknown,https://www.cian.ru/sale/flat/301739050/,Москва,sale,flat,1,5,1,31.0,-1,0,8250000,, Жемчужная,1к10,Филатов Луг,Марьино Град
Александр Кудинов,realtor,https://www.cian.ru/sale/flat/297239752/,Москва,sale,flat,14,16,1,38.0,-1,0,10700000,Южное Тушино, Василия Петушкова,9,Трикотажная,
Этажи Москва,real_estate_agent,https://www.cian.ru/sale/flat/298547672/,Москва,sale,flat,6,16,1,39.2,-1,0,10800000,, Александры Монаховой,84к1,Бунинская аллея,Бунинские луга
Homeapp,real_estate_agent,https://www.cian.ru/sale/flat/301036306/,Москва,sale,flat,8,9,1,38.0,-1,0,11590000,Лосиноостровский,Норильская ,3,Медведково,
ЕГСН Продажа,real_estate_agent,https://www.cian.ru/sale/flat/300836554/,Москва,sale,flat,6,17,1,36.9,-1,0,9400000,, Радужная,11,Рассказовка,Град Московский
Капиталъ-Недвижимость,real_estate_agent,https://www.cian.ru/sale/flat/286542367/,Москва,sale,flat,13,42,1,42.0,-1,0,27500000,Хорошевский,Ленинградский проспект,37/3,Аэропорт,Прайм Парк
ID 111704476,homeowner,https://www.cian.ru/sale/flat/301162238/,Москва,sale,flat,5,18,1,31.6,-1,0,11700000,Северный,бульвар Академика Ландау,5к2,Физтех,
Самолет Плюс Москва ЦАО,real_estate_agent,https://www.cian.ru/sale/flat/301309301/,Москва,sale,flat,1,9,1,32.1,-1,0,10500000,Обручевский, Гарибальди,20/29К1,Новые Черёмушки,
Этажи Москва,real_estate_agent,https://www.cian.ru/sale/flat/301154443/,Москва,sale,flat,10,12,1,43.4,-1,0,11888000,, Бачуринская,19,Коммунарка,Москва А101
Монолит Столица,real_estate_agent,https://www.cian.ru/sale/flat/301405324/,Москва,sale,flat,18,25,1,34.6,-1,0,10000000,, Фитаревская,15к1,Коммунарка,Garden Park Эдальго
do A.S.A.P.,real_estate_agent,https://www.cian.ru/sale/flat/301682297/,Москва,sale,flat,2,3,1,40.7,-1,0,5700000,, Генерала Донскова,29к4,Апрелевка,Борисоглебское
Century 21 Street Realty,real_estate_agent,https://www.cian.ru/sale/flat/300144570/,Москва,sale,flat,10,43,1,41.0,-1,0,21000000,Хорошево-Мневники,Шелепихинская набережная,40к1,Шелепиха,Sydney City
Монолит Столица,real_estate_agent,https://www.cian.ru/sale/flat/295252070/,Москва,sale,flat,18,52,1,0.4,-1,0,19450000,Хорошево-Мневники, Народного Ополчения,15К1,Народное Ополчение,Wellton Towers
Галина Галкина,realtor,https://www.cian.ru/sale/flat/300816819/,Москва,sale,flat,6,9,1,37.0,-1,0,12500000,Богородское,Наримановская ,26К3,Бульвар Рокоссовского,
Этажи Москва,real_estate_agent,https://www.cian.ru/sale/flat/298664477/,Москва,sale,flat,1,10,1,37.2,-1,0,19500000,Очаково-Матвеевское,Аминьевское шоссе,4Дк2,Аминьевская,Вестердам
МИЦ-Столичный ипотечный центр недвижимости,real_estate_agent,https://www.cian.ru/sale/flat/295415897/,Москва,sale,flat,12,22,1,37.2,-1,0,10200000,,бульвар Андрея Тарковского,11,Рассказовка,Рассказово
ID 31112,unknown,https://www.cian.ru/sale/flat/294755887/,Москва,sale,flat,3,14,1,39.0,-1,0,13000000,Нагатинский затон,Судостроительная ,59,Нагатинский Затон,
Нияз Харасов,realtor,https://www.cian.ru/sale/flat/300329014/,Москва,sale,flat,21,26,1,34.6,-1,0,12400000,Чертаново Южное,Варшавское шоссе,141к7,Улица Академика Янгеля,Варшавское шоссе 141
Ордер,real_estate_agent,https://www.cian.ru/sale/flat/298373961/,Москва,sale,flat,4,9,1,32.6,-1,0,9950000,Отрадное,Северный бульвар,8,Отрадное,
СОЗВЕЗДИЕ Бюро Недвижимости,real_estate_agent,https://www.cian.ru/sale/flat/298555341/,Москва,sale,flat,9,17,1,39.0,-1,0,9300000,Крюково,проспект Георгиевский,37к2,Зеленоград — Крюково,Жемчужина Зеленограда
МИЦ-Столичный ипотечный центр недвижимости,real_estate_agent,https://www.cian.ru/sale/flat/299151077/,Москва,sale,flat,2,16,1,36.3,-1,0,12700000,Ростокино,Сельскохозяйственная ,14к1,Ботанический сад,
МИЦ-Столичный ипотечный центр недвижимости,real_estate_agent,https://www.cian.ru/sale/flat/299727429/,Москва,sale,flat,5,8,1,37.0,-1,0,8500000,, Золотошвейная,9,Филатов Луг,
Михаил Жуков,realtor,https://www.cian.ru/sale/flat/300507836/,Москва,sale,flat,2,3,1,43.5,-1,0,9150000,, Николинские Ключи,29,Крёкшино,Ново-Никольское
Доступная Недвижимость. 8 отдел,real_estate_agent,https://www.cian.ru/sale/flat/300298431/,Москва,sale,flat,3,12,1,37.9,-1,0,8200000,, Яворки,1к2,Тёплый Стан,Кленовые Аллеи
Илья Голотик,realtor,https://www.cian.ru/sale/flat/300026151/,Москва,sale,flat,13,18,1,31.3,-1,0,11290000,Останкинский,Березовая аллея,19к3,Ботанический сад,Апарт-комплекс Легендарный квартал
ID 16528014,homeowner,https://www.cian.ru/sale/flat/301874465/,Москва,sale,flat,3,4,1,35.0,-1,0,7200000,Былово кп, Радужная,15,,
ID 109306792,homeowner,https://www.cian.ru/sale/flat/294390871/,Москва,sale,flat,1,4,1,28.6,-1,0,7200000,,,,,
ID 99881729,realtor,https://www.cian.ru/sale/flat/300777163/,Москва,sale,flat,3,16,1,33.0,-1,0,7700000,, Гренадерская,9к1,Коммунарка,"Новые Ватутинки, мкр. Десна"
Владис,real_estate_agent,https://www.cian.ru/sale/flat/296283974/,Москва,sale,flat,1,12,1,32.3,-1,0,7800000,Бирюлево Восточное,Загорьевская ,14К1,Царицыно,
ЕГСН Продажа,real_estate_agent,https://www.cian.ru/sale/flat/275891629/,Москва,sale,flat,1,12,1,39.1,-1,0,8000000,Бирюлево Восточное,Загорьевский проезд,7К2,Царицыно,
Самолет Плюс МСК-Север,real_estate_agent,https://www.cian.ru/sale/flat/298504858/,Москва,sale,flat,4,14,1,40.0,-1,0,8000000,, Аэростатная,12к1,Крёкшино,Новое Внуково
Самолёт Плюс,real_estate_agent,https://www.cian.ru/sale/flat/299185514/,Москва,sale,flat,1,2,1,20.2,-1,0,8080000,Басманный,Гороховский переулок,6/1С2,Курская,
CENTURY 21 Перспектива,real_estate_agent,https://www.cian.ru/sale/flat/300844028/,Москва,sale,flat,8,9,1,32.8,-1,0,8150000,Вешняки,Реутовская ,8К1,Новогиреево,
ID 94755097,homeowner,https://www.cian.ru/sale/flat/283252548/,Москва,sale,flat,4,9,1,32.0,-1,0,8200000,Гольяново,Щелковское шоссе,91К1,Щёлковская,
Анастасия Федорова,realtor,https://www.cian.ru/sale/flat/297242273/,Москва,sale,flat,9,14,1,34.8,-1,0,8250000,Савёлки,Зеленоград,к618,Зеленоград — Крюково,
ГОРОБМЕН,real_estate_agent,https://www.cian.ru/sale/flat/300640454/,Москва,sale,flat,3,17,1,39.2,-1,0,8300000,, Генерала Пилипенко,1к3,Коммунарка,Кленовые Аллеи
Владис,real_estate_agent,https://www.cian.ru/sale/flat/299098543/,Москва,sale,flat,13,18,1,41.2,-1,0,8400000,, Ленина,12,Кокошкино,
ID 90239266,homeowner,https://www.cian.ru/sale/flat/274992411/,Москва,sale,flat,9,17,1,38.0,-1,0,8400000,Десеновское поселение, 3-я Нововатутинская,11,,
ID 314160,unknown,https://www.cian.ru/sale/flat/300897925/,Москва,sale,flat,10,15,1,33.0,-1,0,8400000,, Логинова,5к1,Щербинка,Остафьево
ID 336522,unknown,https://www.cian.ru/sale/flat/300026900/,Москва,sale,flat,2,9,1,25.0,-1,0,8450000,Рязанский,4-я Новокузьминская ,9К2,Рязанский проспект,
Владис,real_estate_agent,https://www.cian.ru/sale/flat/297269769/,Москва,sale,flat,8,15,1,33.1,-1,0,8500000,,проспект Куприна,34к1,Бунинская аллея,Эко Бунино
ЕГСН Продажа,real_estate_agent,https://www.cian.ru/sale/flat/301224949/,Москва,sale,flat,1,9,1,29.5,-1,0,8500000,Можайский, Багрицкого,22,Кунцевская,
БЕСТ на Проспекте Мира,real_estate_agent,https://www.cian.ru/sale/flat/298780356/,Москва,sale,flat,1,9,1,30.4,-1,0,8500000,Кузьминки, Федора Полетаева,38,Рязанский проспект,
Владис,real_estate_agent,https://www.cian.ru/sale/flat/297471229/,Москва,sale,flat,9,9,1,34.6,-1,0,8645000,Люблино, Верхние Поля,27С2,Братиславская,
ID 89633669,homeowner,https://www.cian.ru/sale/flat/300059358/,Москва,sale,flat,1,9,1,33.1,-1,0,8550000,Можайский,Беловежская ,95,Сетунь,
Доходная недвижимость,real_estate_agent,https://www.cian.ru/sale/flat/296150165/,Москва,sale,flat,12,22,1,17.5,-1,0,8600000,Тропарево-Никулино,Ленинский проспект,158,Юго-Западная,
CENTURY 21 Перспектива,real_estate_agent,https://www.cian.ru/sale/flat/296521470/,Москва,sale,flat,4,9,1,32.6,-1,0,8700000,Орехово-Борисово Южное,Шипиловский проезд,63К1,Домодедовская,
Тамара Певная,realtor,https://www.cian.ru/sale/flat/300208649/,Москва,sale,flat,15,22,1,34.15,-1,0,8700000,Силино,Зеленоград,к1108,Зеленоград — Крюково,
ID 54547417,realtor,https://www.cian.ru/sale/flat/301832943/,Москва,sale,flat,4,6,1,39.0,-1,0,8700000,, Жемчужная,1к15,Филатов Луг,Марьино Град
ID 370145,unknown,https://www.cian.ru/sale/flat/301542572/,Москва,sale,flat,3,25,1,37.0,-1,0,8650000,, Никитина,11к1,Рассказовка,Город-парк Первый Московский
ReaMos,real_estate_agent,https://www.cian.ru/sale/flat/301854568/,Москва,sale,flat,11,14,1,39.5,-1,0,8790000,, 3-я Нововатутинская,8,Коммунарка,"Новые Ватутинки, мкр. Центральный"
ХОРЕКА ИНВЕСТ,real_estate_agent,https://www.cian.ru/sale/flat/296124514/,Москва,sale,flat,22,22,1,17.2,-1,0,8780000,Тропарево-Никулино,Ленинский проспект,158,Юго-Западная,
ID 116506054,homeowner,https://www.cian.ru/sale/flat/301960808/,Москва,sale,flat,7,9,1,32.4,-1,0,8800000,Восточное Дегунино,Дубнинская ,73К1,Яхромская,
Владис,real_estate_agent,https://www.cian.ru/sale/flat/297283770/,Москва,sale,flat,9,9,1,35.3,-1,0,8977500,Люблино, Верхние Поля,27С2,Братиславская,
Ирина Бакика,realtor,https://www.cian.ru/sale/flat/297249616/,Москва,sale,flat,1,9,1,35.5,-1,0,8900000,Восточное Дегунино, 800-летия Москвы,7К1,Бескудниково,
ID 55045676,unknown,https://www.cian.ru/sale/flat/300499704/,Москва,sale,flat,9,12,1,30.0,-1,0,8999000,Южное Бутово,Чечерский проезд,24К2,Улица Горчакова,
Навигатор,real_estate_agent,https://www.cian.ru/sale/flat/297115762/,Москва,sale,flat,3,5,1,30.1,-1,0,9000000,Можайский,Гвардейская ,15К1,Рабочий посёлок,
Самолет Плюс,real_estate_agent,https://www.cian.ru/sale/flat/300884607/,Москва,sale,flat,6,14,1,32.0,-1,0,9000000,, Усадебный Парк,7,Филатов Луг,
ГОРОБМЕН,real_estate_agent,https://www.cian.ru/sale/flat/300779233/,Москва,sale,flat,1,12,1,39.1,-1,0,9150000,Восточное Измайлово,16-я Парковая ,19К1,Первомайская,
ЕГСН Продажа,real_estate_agent,https://www.cian.ru/sale/flat/299944808/,Москва,sale,flat,4,16,1,36.0,-1,0,9100000,Новогиреево,Мартеновская ,33,Новогиреево,
Isaev Estate,real_estate_agent,https://www.cian.ru/sale/flat/301781927/,Москва,sale,flat,3,9,1,36.0,-1,0,9100000,Гольяново,Щелковское шоссе,79К1,Щёлковская,
Мария Александрова,realtor,https://www.cian.ru/sale/flat/300094354/,Москва,sale,flat,3,16,1,35.0,-1,0,9150000,Ивановское,шоссе Энтузиастов,98К6,Новогиреево,
SC Realty,real_estate_agent,https://www.cian.ru/sale/flat/299359436/,Москва,sale,flat,5,9,1,33.0,-1,0,9200000,Вешняки, Красный Казанец,1К2,Вешняки,
CENTURY 21 Перспектива,real_estate_agent,https://www.cian.ru/sale/flat/301255257/,Москва,sale,flat,7,9,1,33.0,-1,0,9200000,Орехово-Борисово Северное,Ореховый бульвар,11К1,Домодедовская,
Анна Иванова,realtor,https://www.cian.ru/sale/flat/298956219/,Москва,sale,flat,12,12,1,36.3,-1,0,9200000,Преображенское,Большая Черкизовская ,32К4,Локомотив,
ID 366506,unknown,https://www.cian.ru/sale/flat/301813453/,Москва,sale,flat,5,9,1,32.7,-1,0,9200000,Ясенево,Голубинская ,19,Ясенево,
Азбука Жилья,real_estate_agent,https://www.cian.ru/sale/flat/300031599/,Москва,sale,flat,2,14,1,33.2,-1,0,9300000,, Фитаревская,6,Коммунарка,Аквилон PARK
ЕГСН Продажа,real_estate_agent,https://www.cian.ru/sale/flat/300932908/,Москва,sale,flat,5,9,1,32.4,-1,0,9300000,Чертаново Центральное, Красного Маяка,5К1,Пражская,
ID 99881729,realtor,https://www.cian.ru/sale/flat/301735940/,Москва,sale,flat,7,13,1,38.0,-1,0,9300000,Савёлки,Зеленоград,к616,Зеленоград — Крюково,
ID 111881677,homeowner,https://www.cian.ru/sale/flat/297561553/,Москва,sale,flat,13,14,1,37.4,-1,0,9300000,Южное Бутово,Скобелевская ,26,Улица Скобелевская,
ID 115361922,homeowner,https://www.cian.ru/sale/flat/300754120/,Москва,sale,flat,5,5,1,30.8,-1,0,9250000,Коптево,Коптевская ,34К1,Коптево,
На Петровке,real_estate_agent,https://www.cian.ru/sale/flat/301736401/,Москва,sale,flat,4,9,1,30.0,-1,0,9400000,Левобережный,Ленинградское шоссе,112/1К1,Беломорская,
МЕЗОН,real_estate_agent,https://www.cian.ru/sale/flat/301385095/,Москва,sale,flat,1,5,1,36.0,-1,0,9400000,Лефортово,Танковый проезд,1,Серп и Молот,
Ирина Гурьянова,realtor,https://www.cian.ru/sale/flat/300594086/,Москва,sale,flat,3,18,1,39.0,-1,0,9500000,,,23Г,Рассказовка,
ID 11085,realtor,https://www.cian.ru/sale/flat/299190804/,Москва,sale,flat,2,17,1,37.6,-1,0,9500000,Западное Дегунино,Весенняя ,4,Грачёвская,
Ярославна Слинько,realtor,https://www.cian.ru/sale/flat/299923199/,Москва,sale,flat,1,5,1,30.4,-1,0,9500000,Преображенское,2-я Пугачевская ,4К1,Преображенская площадь,
ID 28793325,homeowner,https://www.cian.ru/sale/flat/301488997/,Москва,sale,flat,8,10,1,37.9,-1,0,9600000,Марьино,Белореченская ,38К2,Братиславская,
Алексей Барсуков,realtor,https://www.cian.ru/sale/flat/297450649/,Москва,sale,flat,12,12,1,34.8,-1,0,9550000,Новогиреево,Союзный проспект,12К2,Новогиреево,
ID 12471569,realtor,https://www.cian.ru/sale/flat/300946150/,Москва,sale,flat,9,17,1,41.4,-1,0,9600000,Некрасовка,Рождественская ,10,Некрасовка,
ID 115279051,homeowner,https://www.cian.ru/sale/flat/301275095/,Москва,sale,flat,8,14,1,48.0,-1,0,9650000,,,1,Силикатная,
Московский Риэлторский Центр,real_estate_agent,https://www.cian.ru/sale/flat/300822573/,Москва,sale,flat,1,12,1,34.0,-1,0,9800000,Бутырский, Гончарова,11,Тимирязевская,
Владис,real_estate_agent,https://www.cian.ru/sale/flat/301137645/,Москва,sale,flat,1,12,1,35.2,-1,0,10400000,Царицыно,Ереванская ,28К2,Царицыно,
Светлана Вождаева,realtor,https://www.cian.ru/sale/flat/301566166/,Москва,sale,flat,9,9,1,32.8,-1,0,10400000,Бабушкинский, Искры,9,Бабушкинская,
MDco,real_estate_agent,https://www.cian.ru/sale/flat/298701457/,Москва,sale,flat,1,12,1,39.1,-1,0,10400000,Кузьминки,Юго-Восточный ао,к3,Кузьминки,
Владис,real_estate_agent,https://www.cian.ru/sale/flat/299098600/,Москва,sale,flat,23,24,1,45.0,-1,0,10500000,Косино-Ухтомский,Лухмановская ,11,Лухмановская,
ЕГСН Продажа,real_estate_agent,https://www.cian.ru/sale/flat/300838166/,Москва,sale,flat,2,12,1,42.1,-1,0,10500000,Южное Бутово,Чечерский проезд,56К1,Бунинская аллея,
Елена Пашина,realtor,https://www.cian.ru/sale/flat/301742298/,Москва,sale,flat,5,5,1,33.1,-1,0,10500000,Царицыно,Ереванская ,12К3,Царицыно,
Качанова и партнеры,real_estate_agent,https://www.cian.ru/sale/flat/299560983/,Москва,sale,flat,3,9,1,32.9,-1,0,10500000,Северное Тушино,Туристская ,24К2,Планерная,
Денис Анциферов,realtor,https://www.cian.ru/sale/flat/299572625/,Москва,sale,flat,1,14,1,35.0,-1,0,10500000,Тимирязевский,Дмитровское шоссе,27К4,Петровско-Разумовская,
Равиля Минуллина,realtor,https://www.cian.ru/sale/flat/298191085/,Москва,sale,flat,7,12,1,37.0,-1,0,10490000,Бабушкинский, Коминтерна,18/5,Бабушкинская,
CENTURY 21 Перспектива,real_estate_agent,https://www.cian.ru/sale/flat/300693446/,Москва,sale,flat,2,17,1,37.5,-1,0,10500000,Косино-Ухтомский,Лухмановская ,17,Лухмановская,
Юлия Чинарева,realtor,https://www.cian.ru/sale/flat/297666488/,Москва,sale,flat,1,5,1,35.8,-1,0,10500000,Измайлово,2-я Парковая ,16,Измайловская,
CENTURY 21 Milestone,real_estate_agent,https://www.cian.ru/sale/flat/300839433/,Москва,sale,flat,4,5,1,30.8,-1,0,10500000,Царицыно,Кавказский бульвар,44К3,Кантемировская,
БЕСТ на Проспекте Мира,real_estate_agent,https://www.cian.ru/sale/flat/300150011/,Москва,sale,flat,6,9,1,34.5,-1,0,10500000,Орехово-Борисово Северное,Ореховый бульвар,7К1,Домодедовская,
ID 79394214,unknown,https://www.cian.ru/sale/flat/301528775/,Москва,sale,flat,2,22,1,38.0,-1,0,10500000,Солнцево,Производственная ,4,Солнцево,
Артем Нечаев,realtor,https://www.cian.ru/sale/flat/301062543/,Москва,sale,flat,14,16,1,35.9,-1,0,10500000,Лианозово,Новгородская ,36,Алтуфьево,
ID 116107187,homeowner,https://www.cian.ru/sale/flat/301577429/,Москва,sale,flat,4,17,1,38.5,-1,0,10500000,, Летчика Грицевца,8,Пыхтино,Солнцево парк
Сергей Шикарев,realtor,https://www.cian.ru/sale/flat/301790903/,Москва,sale,flat,9,14,1,41.0,-1,0,10500000,Печатники,Шоссейная ,32,Люблино,
ID 84734808,homeowner,https://www.cian.ru/sale/flat/300742895/,Москва,sale,flat,11,25,1,36.8,-1,0,10500000,,,5,Коммунарка,Эдальго
Владис,real_estate_agent,https://www.cian.ru/sale/flat/301848744/,Москва,sale,flat,7,15,1,38.0,-1,0,10600000,Зябликово,Ореховый бульвар,59К2,Красногвардейская,
ID 55673831,homeowner,https://www.cian.ru/sale/flat/301926492/,Москва,sale,flat,5,14,1,41.0,-1,0,10600000,Люблино,Ставропольская ,64К2,Люблино,
ID 525115,unknown,https://www.cian.ru/sale/flat/298245633/,Москва,sale,flat,3,17,1,37.7,-1,0,10600000,Митино,Митинская ,52,Пятницкое шоссе,
Навигатор,real_estate_agent,https://www.cian.ru/sale/flat/300188888/,Москва,sale,flat,8,9,1,33.0,-1,0,10700000,Бибирево, Коненкова,21А,Алтуфьево,
Хоум Групп,real_estate_agent,https://www.cian.ru/sale/flat/301274351/,Москва,sale,flat,2,9,1,37.3,-1,0,10700000,Восточное Дегунино, 800-летия Москвы,11К7,Бескудниково,
OPN PARTNER,real_estate_agent,https://www.cian.ru/sale/flat/301160188/,Москва,sale,flat,5,18,1,40.0,-1,0,10699000,Бирюлево Восточное,6-я Радиальная ,7/6к3,Царицыно,Царицыно-2
Ключи,real_estate_agent,https://www.cian.ru/sale/flat/301311627/,Москва,sale,flat,10,17,1,38.6,-1,0,10700000,Бескудниковский,Бескудниковский бульвар,24К1,Дегунино,
Ольга Троицкая,realtor,https://www.cian.ru/sale/flat/301843003/,Москва,sale,flat,7,16,1,38.0,-1,0,10700000,Царицыно,Бакинская ,10,Кавказский бульвар,
Ключи,real_estate_agent,https://www.cian.ru/sale/flat/298208285/,Москва,sale,flat,15,17,1,37.0,-1,0,10700000,Южное Медведково,проезд Шокальского,3к1,Бабушкинская,
Навигатор,real_estate_agent,https://www.cian.ru/sale/flat/301719848/,Москва,sale,flat,14,33,1,33.8,-1,0,10800000,Западное Дегунино,Ижорская ,6к1,Ховрино,Бусиновский парк
Качанова и партнеры,real_estate_agent,https://www.cian.ru/sale/flat/299543766/,Москва,sale,flat,19,22,1,38.5,-1,0,10800000,Можайский,Беловежская ,83,Сетунь,
Самолет Плюс,real_estate_agent,https://www.cian.ru/sale/flat/301231554/,Москва,sale,flat,17,22,1,36.6,-1,0,10800000,, Картмазовские Пруды,2к2,Филатов Луг,Филатов луг
Владис,real_estate_agent,https://www.cian.ru/sale/flat/299098420/,Москва,sale,flat,19,22,1,36.4,-1,0,10799999,Орехово-Борисово Северное,Борисовский проезд,20,Шипиловская,
ID 43874786,homeowner,https://www.cian.ru/sale/flat/299104684/,Москва,sale,flat,7,9,1,32.1,-1,0,10800000,Хорошево-Мневники, Маршала Тухачевского,26К1,Народное Ополчение,
ID 12258858,homeowner,https://www.cian.ru/sale/flat/270807138/,Москва,sale,flat,2,6,1,32.3,-1,0,10850000,Коптево,1-й Новомихалковский проезд,14,Коптево,
Галина Мартынова,realtor,https://www.cian.ru/sale/flat/293999939/,Москва,sale,flat,12,22,1,35.0,-1,0,10800000,, Картмазовские Пруды,2к2,Саларьево,Филатов луг
ID 114738614,homeowner,https://www.cian.ru/sale/flat/300121348/,Москва,sale,flat,2,5,1,36.1,-1,0,10800000,Соколиная гора, 9-я Соколиной Горы,13,Соколиная гора,
Isaev Estate,real_estate_agent,https://www.cian.ru/sale/flat/299893982/,Москва,sale,flat,2,10,1,31.0,-1,0,10990000,Раменки,3-й Сетуньский проезд,3,Поклонная,
Istudio,real_estate_agent,https://www.cian.ru/sale/flat/301832224/,Москва,sale,flat,4,9,1,33.0,-1,0,10900000,Коньково, Академика Волгина,25К2,Беляево,
Владис,real_estate_agent,https://www.cian.ru/sale/flat/299098702/,Москва,sale,flat,2,12,1,35.4,-1,0,11000000,Текстильщики, Юных Ленинцев,8,Печатники,
ID 15577734,homeowner,https://www.cian.ru/sale/flat/300194405/,Москва,sale,flat,8,17,1,42.5,-1,0,11000000,,,4,Рассказовка,
ID 198695,unknown,https://www.cian.ru/sale/flat/300248961/,Москва,sale,flat,4,12,1,39.0,-1,0,11000000,Марьино,Луговой проезд,7,Марьино,
ID 56887491,unknown,https://www.cian.ru/sale/flat/293783040/,Москва,sale,flat,2,14,1,32.5,-1,0,11000000,Орехово-Борисово Южное,Каширское шоссе,65к3,Домодедовская,Ясный
Центральный Департамент Недвижимости,real_estate_agent,https://www.cian.ru/sale/flat/301369101/,Москва,sale,flat,12,12,1,35.0,-1,0,11100000,Зюзино,Большая Юшуньская ,16,Каховская,
ID 82989209,homeowner,https://www.cian.ru/sale/flat/299676688/,Москва,sale,flat,2,14,1,38.7,-1,0,11150000,Марьино,Новочеркасский бульвар,36,Марьино,
Юрий Ситикардов,realtor,https://www.cian.ru/sale/flat/300564638/,Москва,sale,flat,11,11,1,44.5,-1,0,11135000,Старое Крюково,Солнечная аллея,к935,Зеленоград — Крюково,
Людмила  Гарбузова,realtor,https://www.cian.ru/sale/flat/301964818/,Москва,sale,flat,1,5,1,31.0,-1,0,11200000,Зюзино,Керченская ,20,Зюзино,
ГОРОБМЕН,real_estate_agent,https://www.cian.ru/sale/flat/298549786/,Москва,sale,flat,5,5,1,30.6,-1,0,11200000,Сокольники, Стромынка,14К1,Сокольники,
OPN PARTNER,real_estate_agent,https://www.cian.ru/sale/flat/295373032/,Москва,sale,flat,2,12,1,38.0,-1,0,11249999,Филевский парк,Филевский бульвар,8к1,Шелепиха,
ID 107806288,homeowner,https://www.cian.ru/sale/flat/300749553/,Москва,sale,flat,13,19,1,41.2,-1,0,11200000,Северный,Дмитровское шоссе,169К7,Физтех,На Дмитровском 169
ID 12882804,homeowner,https://www.cian.ru/sale/flat/299151425/,Москва,sale,flat,12,17,1,45.0,-1,0,11200000,, Сосенский Стан,11,Коммунарка,Коммунарка
Московский Риэлторский Центр,real_estate_agent,https://www.cian.ru/sale/flat/301961105/,Москва,sale,flat,4,13,1,41.7,-1,0,11400000,Южное Бутово,Чечерский проезд,56К1,Бунинская аллея,
ЕГСН Продажа,real_estate_agent,https://www.cian.ru/sale/flat/299944351/,Москва,sale,flat,10,17,1,38.1,-1,0,11400000,Москворечье-Сабурово,Кантемировская ,18К2,Кантемировская,
БЭСТ ФАКТОРИ НЕДВИЖИМОСТЬ,real_estate_agent,https://www.cian.ru/sale/flat/294946395/,Москва,sale,flat,10,17,1,39.5,-1,0,11300000,, Бориса Пастернака,29к2,Рассказовка,
Классика,real_estate_agent,https://www.cian.ru/sale/flat/294166690/,Москва,sale,flat,14,16,1,38.2,-1,0,11400000,Метрогородок,Открытое шоссе,17К1,Бульвар Рокоссовского,
Миэль Офис на Юго-Западе,real_estate_agent,https://www.cian.ru/sale/flat/299987453/,Москва,sale,flat,13,14,1,37.7,-1,0,11300000,Чертаново Южное,Россошанская ,4К2,Красный Строитель,
Isaev Estate,real_estate_agent,https://www.cian.ru/sale/flat/301167819/,Москва,sale,flat,12,12,1,36.0,-1,0,11300000,Измайлово,Измайловский проезд,14К2,Измайловская,
ID 112611111,homeowner,https://www.cian.ru/sale/flat/301355980/,Москва,sale,flat,16,22,1,39.4,-1,0,11300000,Марьино, Верхние Поля,28,Братиславская,
ID 91286833,unknown,https://www.cian.ru/sale/flat/301637133/,Москва,sale,flat,5,33,1,39.2,-1,0,12700000,Дмитровский,Лобненская ,13к4,Лианозово,Дмитровский парк
ID 667988,homeowner,https://www.cian.ru/sale/flat/300247136/,Москва,sale,flat,9,14,1,46.0,-1,0,12700000,, Лазурная,14,Коммунарка,Коммунарка
Владис,real_estate_agent,https://www.cian.ru/sale/flat/299739991/,Москва,sale,flat,11,25,1,52.4,-1,0,12800000,, Радужная,14к1,Рассказовка,Град Московский
ГОРОБМЕН,real_estate_agent,https://www.cian.ru/sale/flat/297249360/,Москва,sale,flat,20,20,1,36.0,-1,0,12800000,Соколиная гора,Вольная ,28/4к1,Соколиная гора,Семеновский парк
Isaev Estate,real_estate_agent,https://www.cian.ru/sale/flat/301756918/,Москва,sale,flat,3,12,1,36.0,-1,0,12800000,Новогиреево,Союзный проспект,20К4,Новогиреево,
Космополис,real_estate_agent,https://www.cian.ru/sale/flat/298414628/,Москва,sale,flat,12,12,1,38.0,-1,0,12799999,Северное Тушино, Вилиса Лациса,1К1,Планерная,
Наталья Котова,realtor,https://www.cian.ru/sale/flat/301809321/,Москва,sale,flat,6,9,1,32.3,-1,0,12800000,Строгино, Исаковского,14К1,Строгино,
ID 89350140,unknown,https://www.cian.ru/sale/flat/279590376/,Москва,sale,flat,11,25,1,52.4,-1,0,12750000,, Радужная,14к1,Филатов Луг,Град Московский
Игорь Качаровский,realtor,https://www.cian.ru/sale/flat/300327603/,Москва,sale,flat,6,9,1,40.8,-1,0,12800000,Солнцево,Родниковая ,5А,Солнцево,
Владис,real_estate_agent,https://www.cian.ru/sale/flat/299151451/,Москва,sale,flat,10,12,1,46.0,-1,0,12990000,, Ясная,10,Коммунарка,Квартал А101
Классика,real_estate_agent,https://www.cian.ru/sale/flat/298273403/,Москва,sale,flat,10,17,1,32.0,-1,0,12900000,Тимирязевский,проезд 1-й Нижнелихоборский,1,Окружная,Большая Академическая 85
MosInvestCentr,real_estate_agent,https://www.cian.ru/sale/flat/301715078/,Москва,sale,flat,14,18,1,33.0,-1,0,12990000,Останкинский,Березовая аллея,19к3,Ботанический сад,Апарт-комплекс Легендарный квартал
ID 114428673,homeowner,https://www.cian.ru/sale/flat/301303725/,Москва,sale,flat,2,17,1,38.2,-1,0,12900000,Южное Тушино,Сходненская ,14,Сходненская,
Ринат Сафаров,realtor,https://www.cian.ru/sale/flat/301299139/,Москва,sale,flat,5,12,1,33.0,-1,0,12980000,Гагаринский, Вавилова,48,Академическая,
Свой родной дом,real_estate_agent,https://www.cian.ru/sale/flat/300320366/,Москва,sale,flat,2,14,1,38.4,-1,0,13000000,Северное Тушино, Вилиса Лациса,17К2,Планерная,
Владис,real_estate_agent,https://www.cian.ru/sale/flat/295091947/,Москва,sale,flat,14,18,1,52.3,-1,0,13000000,Северное Бутово, Грина,18К1,Бульвар Дмитрия Донского,
Космополис,real_estate_agent,https://www.cian.ru/sale/flat/299106073/,Москва,sale,flat,6,12,1,32.7,-1,0,13000000,Пресненский,Шелепихинское шоссе,17К3,Шелепиха,
ID 70551,realtor,https://www.cian.ru/sale/flat/301455349/,Москва,sale,flat,8,9,1,33.0,-1,0,13000000,Гагаринский, Вавилова,58К2,Профсоюзная,
ID 97792875,homeowner,https://www.cian.ru/sale/flat/300580295/,Москва,sale,flat,2,17,1,38.0,-1,0,13100000,Строгино, Твардовского,3К1,Строгино,
Свой родной дом,real_estate_agent,https://www.cian.ru/sale/flat/300111500/,Москва,sale,flat,12,26,1,40.7,-1,0,13200000,Нижегородский,Газгольдерная ,10,Нижегородская,Profit
Владис,real_estate_agent,https://www.cian.ru/sale/flat/299098407/,Москва,sale,flat,8,17,1,40.0,-1,0,13150000,Северное Тушино, Вилиса Лациса,38к2,Сходненская,
ID 182027,realtor,https://www.cian.ru/sale/flat/301493058/,Москва,sale,flat,16,16,1,39.7,-1,0,13250000,Проспект Вернадского,проспект Вернадского,64А,Проспект Вернадского,
ID 437527,homeowner,https://www.cian.ru/sale/flat/301453937/,Москва,sale,flat,7,14,1,38.0,-1,0,13200000,Нагатинский затон,Судостроительная ,57,Нагатинский Затон,
Классика,real_estate_agent,https://www.cian.ru/sale/flat/296065432/,Москва,sale,flat,12,20,1,36.2,-1,0,13300000,Головинский,Михалковская ,48к2,Коптево,Михалковский
RED,real_estate_agent,https://www.cian.ru/sale/flat/301599173/,Москва,sale,flat,4,15,1,32.4,-1,0,13304700,Хорошевский,Ходынский бульвар,2,ЦСКА,Лайнер
One Moscow,real_estate_agent,https://www.cian.ru/sale/flat/297987258/,Москва,sale,flat,23,26,1,27.1,-1,0,13300000,Лефортово, Крузенштерна,12к3,Авиамоторная,Символ
Владис,real_estate_agent,https://www.cian.ru/sale/flat/299644131/,Москва,sale,flat,13,19,1,38.8,-1,0,13300000,Чертаново Южное,Варшавское шоссе,170Ек9,Лесопарковая,Зеленая Вертикаль
ID 112038190,homeowner,https://www.cian.ru/sale/flat/301872932/,Москва,sale,flat,13,23,1,40.1,-1,0,13300000,Некрасовка, Недорубова,28,Некрасовка,Квартал Некрасовка
ID 504845,real_estate_agent,https://www.cian.ru/sale/flat/301174660/,Москва,sale,flat,5,17,1,35.5,-1,0,14400000,Таганский,переулок Ковров,26С1,Площадь Ильича,
RED,real_estate_agent,https://www.cian.ru/sale/flat/301789490/,Москва,sale,flat,1,2,1,28.4,-1,0,14500000,Тверской,1-й Самотечный переулок,16/2,Достоевская,
Александр Филатов,realtor,https://www.cian.ru/sale/flat/297728942/,Москва,sale,flat,5,15,1,32.1,-1,0,14500000,Хорошевский,Ходынский бульвар,20А,ЦСКА,Лайнер
ID 76451439,homeowner,https://www.cian.ru/sale/flat/295879334/,Москва,sale,flat,2,26,1,48.0,-1,0,14400000,Южное Бутово,Старокрымская ,15к1,Улица Скобелевская,Эталон-Сити
Дмитрий Корнилов,realtor,https://www.cian.ru/sale/flat/301930577/,Москва,sale,flat,14,14,1,39.8,-1,0,14600000,Кунцево,Рублевское шоссе,85,Молодёжная,
Бюро Эстейт,real_estate_agent,https://www.cian.ru/sale/flat/299166952/,Москва,sale,flat,6,14,1,27.0,-1,0,14700000,Раменки,проспект Генерала Дорохова,39к1,Минская,Собрание клубных домов West Garden
ID 47433674,unknown,https://www.cian.ru/sale/flat/298878638/,Москва,sale,flat,24,25,1,40.2,-1,0,14900000,Орехово-Борисово Южное, Генерала Белова,28к1,Домодедовская,Орехово-Борисово
ID 43786551,homeowner,https://www.cian.ru/sale/flat/298678058/,Москва,sale,flat,7,17,1,39.0,-1,0,14890000,Крылатское,Рублевское шоссе,32,Молодёжная,
Навигатор,real_estate_agent,https://www.cian.ru/sale/flat/301965360/,Москва,sale,flat,5,9,1,31.0,-1,0,14990000,Хорошевский,Ленинградский проспект,45К5,Аэропорт,
Isaev Estate,real_estate_agent,https://www.cian.ru/sale/flat/298517952/,Москва,sale,flat,2,12,1,41.0,-1,0,14999000,Филевский парк,2-я Филевская ,10,Филёвский парк,
Isaev Estate,real_estate_agent,https://www.cian.ru/sale/flat/298826127/,Москва,sale,flat,10,27,1,28.1,-1,0,15000000,Лефортово, Крузенштерна,10к1,Авиамоторная,Символ
Radiance Group,real_estate_agent,https://www.cian.ru/sale/flat/301839183/,Москва,sale,flat,14,21,1,39.6,-1,0,15000000,Отрадное,Нововладыкинский проезд,1к4,Окружная,Поколение
ID 113738561,homeowner,https://www.cian.ru/sale/flat/300072249/,Москва,sale,flat,4,10,1,49.1,-1,0,15000000,Савёлки,Зеленоград,к619,Зеленоград — Крюково,
Юлия Чинарева,realtor,https://www.cian.ru/sale/flat/301851653/,Москва,sale,flat,6,19,1,39.2,-1,0,15300000,Отрадное,Нововладыкинский проезд,1к1,Окружная,Поколение
Корпорация брокеров,real_estate_agent,https://www.cian.ru/sale/flat/299945901/,Москва,sale,flat,20,26,1,46.3,-1,0,15500000,Лефортово,проезд Шелихова,9к1,Москва-Товарная,
Московский Риэлторский Центр,real_estate_agent,https://www.cian.ru/sale/flat/301676940/,Москва,sale,flat,7,7,1,48.1,-1,0,15500000,Лефортово,шоссе Энтузиастов,10/2,Авиамоторная,
ГОРОБМЕН,real_estate_agent,https://www.cian.ru/sale/flat/301776565/,Москва,sale,flat,13,33,1,36.0,-1,0,15500000,Очаково-Матвеевское, Малая Очаковская,4Ак2,Озёрная,Мичуринский парк
Владис,real_estate_agent,https://www.cian.ru/sale/flat/299396164/,Москва,sale,flat,2,12,1,35.0,-1,0,15549000,Сокол, Панфилова,22/15,Стрешнево,
Abzor,real_estate_agent,https://www.cian.ru/sale/flat/294632911/,Москва,sale,flat,12,15,1,35.0,-1,0,15500000,Раменки, Пырьева,12,Поклонная,
ID 84779549,realtor,https://www.cian.ru/sale/flat/301677364/,Москва,sale,flat,3,9,1,31.7,-1,0,15600000,Аэропорт, Усиевича,13,Аэропорт,
ID 21912,realtor,https://www.cian.ru/sale/flat/301356569/,Москва,sale,flat,7,17,1,32.7,-1,0,15800000,Очаково-Матвеевское,Очаковское шоссе,5к1,Аминьевская,Матвеевский парк
Камила Измайлова,realtor,https://www.cian.ru/sale/flat/300372258/,Москва,sale,flat,7,9,1,31.0,-1,0,15900000,Дорогомилово, 1812 года,8К2,Парк Победы,
ID 91110751,homeowner,https://www.cian.ru/sale/flat/301445555/,Москва,sale,flat,13,33,1,32.2,-1,0,16000000,Нижегородский,Новохохловская ,15к2,Новохохловская,Новохохловская 15
ID 113865348,homeowner,https://www.cian.ru/sale/flat/301646666/,Москва,sale,flat,3,12,1,38.9,-1,0,16000000,Хорошевский, Острякова,9,Аэропорт,
ID 113909314,homeowner,https://www.cian.ru/sale/flat/301427703/,Москва,sale,flat,17,21,1,40.0,-1,0,16000000,Нагатинский затон,Нагатинская набережная,46,Коломенская,
ID 349781,homeowner,https://www.cian.ru/sale/flat/300320633/,Москва,sale,flat,5,5,1,53.0,-1,0,16050000,Кунцево, Екатерины Будановой,12,Кунцевская,
EstateLiga,real_estate_agent,https://www.cian.ru/sale/flat/301154354/,Москва,sale,flat,25,25,1,30.0,-1,0,16200000,Филевский парк,Береговой проезд,5Ак3,Фили,Фили Град
ID 11483417,homeowner,https://www.cian.ru/sale/flat/301762564/,Москва,sale,flat,11,33,1,31.7,-1,0,16200000,Очаково-Матвеевское,Очаковское шоссе,5к4,Давыдково,Матвеевский парк
SUNRISE Estate,real_estate_agent,https://www.cian.ru/sale/flat/300789277/,Москва,sale,flat,18,24,1,35.0,-1,0,16500000,Хорошево-Мневники,Шелепихинская набережная,34к4,Шелепиха,Сердце Столицы
Самолет Плюс,real_estate_agent,https://www.cian.ru/sale/flat/298749656/,Москва,sale,flat,9,16,1,34.3,-1,0,16500000,Замоскворечье,Большая Пионерская ,33К2,Павелецкая,
ID 32986444,homeowner,https://www.cian.ru/sale/flat/301515263/,Москва,sale,flat,4,24,1,43.9,-1,0,16500000,Коптево,Соболевский проезд,20Б,Коптево,
Isaev Estate,real_estate_agent,https://www.cian.ru/sale/flat/301013159/,Москва,sale,flat,26,27,1,39.0,-1,0,16700000,Лефортово, Крузенштерна,12к1,Авиамоторная,Символ
Isaev Estate,real_estate_agent,https://www.cian.ru/sale/flat/299997609/,Москва,sale,flat,6,33,1,33.5,-1,0,17000000,Хорошево-Мневники,Причальный проезд,10Б,Шелепиха,Level Причальный
Isaev Estate,real_estate_agent,https://www.cian.ru/sale/flat/299050943/,Москва,sale,flat,5,7,1,34.0,-1,0,16900000,Соколиная гора,проспект Буденного,51к7,Шоссе Энтузиастов,Золотая звезда
Ключи,real_estate_agent,https://www.cian.ru/sale/flat/301564562/,Москва,sale,flat,15,31,1,36.0,-1,0,17000000,Богородское,Тюменский проезд,3к1,Бульвар Рокоссовского,Преображение
ID 856420,homeowner,https://www.cian.ru/sale/flat/301871305/,Москва,sale,flat,22,23,1,45.7,-1,0,16900000,Очаково-Матвеевское,Веерная ,6,Матвеевская,
ID 23949486,realtor,https://www.cian.ru/sale/flat/299568116/,Москва,sale,flat,3,25,1,35.3,-1,0,17300000,Хорошевский, Полины Осипенко,8,ЦСКА,
Isaev Estate,real_estate_agent,https://www.cian.ru/sale/flat/299436748/,Москва,sale,flat,9,24,1,40.0,-1,0,17400000,Дмитровский,Дмитровское шоссе,107к1,Яхромская,Летний сад
ID 15968253,homeowner,https://www.cian.ru/sale/flat/299675284/,Москва,sale,flat,3,25,1,47.0,-1,0,17500000,Кунцево,Ярцевская ,24К1,Молодёжная,Ярцевская 24
ID 90094841,realtor,https://www.cian.ru/sale/flat/301064322/,Москва,sale,flat,8,9,1,38.8,-1,0,17500000,Раменки, Довженко,6,Минская,
ID 76030582,homeowner,https://www.cian.ru/sale/flat/278505753/,Москва,sale,flat,7,14,1,38.0,-1,0,17600000,Покровское-Стрешнево,Волоколамское шоссе,71к2,Спартак,Город на Реке Тушино-2018
Ключи,real_estate_agent,https://www.cian.ru/sale/flat/294867977/,Москва,sale,flat,19,25,1,39.3,-1,0,17800000,Ломоносовский, Архитектора Власова,2,Профсоюзная,
Тамара Певная,realtor,https://www.cian.ru/sale/flat/301028633/,Москва,sale,flat,15,24,1,39.8,-1,0,18000000,Донской,,к1,Верхние котлы,Новоданиловская 8 ЖК
ID 16407726,homeowner,https://www.cian.ru/sale/flat/301451607/,Москва,sale,flat,10,32,1,42.0,-1,0,18250000,Богородское,Просторная ,7,Преображенская площадь,
ОГРК,real_estate_agent,https://www.cian.ru/sale/flat/301666811/,Москва,sale,flat,10,26,1,40.6,-1,0,18500000,Лефортово,Красноказарменная ,15к1,Авиамоторная,Красноказарменная 15
ЕГСН Продажа,real_estate_agent,https://www.cian.ru/sale/flat/301045303/,Москва,sale,flat,2,20,1,53.1,-1,0,18585000,Даниловский,проспект Лихачева,18к5,Технопарк,Квартал на набережной NOW
ЕГСН Продажа,real_estate_agent,https://www.cian.ru/sale/flat/300650666/,Москва,sale,flat,8,8,1,45.3,-1,0,18500000,Академический,Профсоюзная ,15,Профсоюзная,
Isaev Estate,real_estate_agent,https://www.cian.ru/sale/flat/301647132/,Москва,sale,flat,10,26,1,41.0,-1,0,18500000,Лефортово,Красноказарменная ,15к1,Авиамоторная,Красноказарменная 15
Isaev Estate,real_estate_agent,https://www.cian.ru/sale/flat/301646360/,Москва,sale,flat,6,12,1,43.0,-1,0,18500000,Лефортово,Красноказарменная ,14Ак5,Авиамоторная,Лефортово парк
ГОРОБМЕН,real_estate_agent,https://www.cian.ru/sale/flat/295544053/,Москва,sale,flat,21,29,1,39.0,-1,0,18500000,Даниловский,Восточная ,4Ак5,Автозаводская,RiverSky
На Петровке,real_estate_agent,https://www.cian.ru/sale/flat/298883995/,Москва,sale,flat,9,58,1,32.8,-1,0,18500000,Хорошево-Мневники, Народного Ополчения,15К2,Народное Ополчение,Wellton Towers
EstateLiga,real_estate_agent,https://www.cian.ru/sale/flat/298018047/,Москва,sale,flat,10,21,1,40.0,-1,0,18500000,Филевский парк,Береговой проезд,5к2,Фили,Фили Град
ID 114249157,homeowner,https://www.cian.ru/sale/flat/299629196/,Москва,sale,flat,12,14,1,39.3,-1,0,18500000,Гагаринский, Вавилова,44К4,Академическая,
Дмитрий Ломовцев,realtor,https://www.cian.ru/sale/flat/300571753/,Москва,sale,flat,9,20,1,43.1,-1,0,19500000,Лефортово,Солдатский переулок,10,Лефортово,Лефорт
ID 100242798,homeowner,https://www.cian.ru/sale/flat/299697358/,Москва,sale,flat,5,14,1,40.9,-1,0,19500000,Люблино,Совхозная ,12,Люблино,
Самолет Плюс,real_estate_agent,https://www.cian.ru/sale/flat/295391249/,Москва,sale,flat,10,31,1,41.7,-1,0,19990000,Раменки, Лобачевского,120к1,Аминьевская,Крылья
ID 69998191,unknown,https://www.cian.ru/sale/flat/300805348/,Москва,sale,flat,7,16,1,40.0,-1,0,19990000,Проспект Вернадского, Удальцова,1к1,Новаторская,Квартал на Ленинском
ZIMENS недвижимость,real_estate_agent,https://www.cian.ru/sale/flat/299119616/,Москва,sale,flat,11,40,1,45.6,-1,0,20000000,Даниловский,бульвар Братьев Весниных,1,ЗИЛ,ЗИЛАРТ
UNIVERSE-REALTY GROUP,real_estate_agent,https://www.cian.ru/sale/flat/298491517/,Москва,sale,flat,10,24,1,35.9,-1,0,20000000,Хорошево-Мневники,Шелепихинская набережная,40к2,Шелепиха,Sydney City
Алексей Зубинов,realtor,https://www.cian.ru/sale/flat/286709271/,Москва,sale,flat,4,26,1,45.0,-1,0,20000000,Раменки, Лобачевского,118к5,Аминьевская,Лобачевский
ГОРОБМЕН,real_estate_agent,https://www.cian.ru/sale/flat/298117075/,Москва,sale,flat,3,16,1,43.0,-1,0,20500000,Даниловский,3-й Автозаводский проезд,3,Автозаводская,Клубный дом Story
EstateLiga,real_estate_agent,https://www.cian.ru/sale/flat/301314169/,Москва,sale,flat,4,21,1,47.0,-1,0,20500000,Филевский парк,Береговой проезд,5к2,Фили,Фили Град
Елена Корнийчук,realtor,https://www.cian.ru/sale/flat/301880026/,Москва,sale,flat,7,9,1,62.0,-1,0,20900000,, Ясеневая,3,Ольховая,Дубровка
Татьяна Тарасенко,realtor,https://www.cian.ru/sale/flat/301045006/,Москва,sale,flat,2,20,1,38.78,-1,0,20990000,Даниловский,Автозаводская ,26,Тульская,FORST
EstateLiga,real_estate_agent,https://www.cian.ru/sale/flat/300134952/,Москва,sale,flat,18,28,1,45.0,-1,0,21000000,Филевский парк,Береговой проезд,1Б,Фили,мой адрес На Береговом
Dream City,real_estate_agent,https://www.cian.ru/sale/flat/300572581/,Москва,sale,flat,6,14,1,40.0,-1,0,21500000,Тверской,3-й Самотечный переулок,21,Достоевская,
Isaev Estate,real_estate_agent,https://www.cian.ru/sale/flat/301392787/,Москва,sale,flat,3,16,1,37.0,-1,0,21800000,Даниловский, Архитектора Щусева,4к1,ЗИЛ,ЗИЛАРТ
SUNRISE Estate,real_estate_agent,https://www.cian.ru/sale/flat/300995772/,Москва,sale,flat,25,41,1,41.0,-1,0,21990000,Хорошево-Мневники,Шелепихинская набережная,34к5,Шелепиха,Сердце Столицы
Гурам Базадзе,realtor,https://www.cian.ru/sale/flat/301587467/,Москва,sale,flat,5,24,1,45.1,-1,0,22000000,Обручевский,Профсоюзная ,68к4,Калужская,Родной город. Воронцовский парк
ID 12282810,homeowner,https://www.cian.ru/sale/flat/301680484/,Москва,sale,flat,15,23,1,44.8,-1,0,22000000,Бутырский, Фонвизина,18,Улица Милашенкова,
ПЕРСОНА,real_estate_agent,https://www.cian.ru/sale/flat/289439918/,Москва,sale,flat,15,28,1,40.3,-1,0,22399990,Раменки,Винницкая ,8к3,Раменки,Настоящее
Столица Вершин,real_estate_agent,https://www.cian.ru/sale/flat/301104641/,Москва,sale,flat,22,57,1,33.9,-1,0,22700000,Хорошево-Мневники, Народного Ополчения,15К3,Народное Ополчение,Wellton Towers
SUNRISE Estate,real_estate_agent,https://www.cian.ru/sale/flat/301582359/,Москва,sale,flat,19,41,1,46.0,-1,0,22950000,Хорошево-Мневники,Шелепихинская набережная,34к5,Шелепиха,Сердце Столицы
Московский Риэлторский Центр,real_estate_agent,https://www.cian.ru/sale/flat/299724774/,Москва,sale,flat,5,26,1,45.0,-1,0,23700000,Хорошевский, Зорге,9к1,Полежаевская,
ID 54883554,homeowner,https://www.cian.ru/sale/flat/301779237/,Москва,sale,flat,8,36,1,55.9,-1,0,23800000,Хорошево-Мневники,Шелепихинская набережная,34к3зд6,Шелепиха,Сердце Столицы
Тамара Певная,realtor,https://www.cian.ru/sale/flat/300245372/,Москва,sale,flat,5,9,1,31.2,-1,0,24500000,Хамовники, Плющиха,33,Киевская,
ID 15282858,homeowner,https://www.cian.ru/sale/flat/299166059/,Москва,sale,flat,5,22,1,42.0,-1,0,25790000,Даниловский,бульвар Братьев Весниных,2,ЗИЛ,ЗИЛАРТ
One Moscow,real_estate_agent,https://www.cian.ru/sale/flat/301366489/,Москва,sale,flat,2,31,1,47.2,-1,0,26077000,Раменки, Лобачевского,120к1,Аминьевская,Крылья
Владис,real_estate_agent,https://www.cian.ru/sale/flat/299712730/,Москва,sale,flat,25,31,1,48.3,-1,0,26000000,Раменки, Лобачевского,120к1,Аминьевская,Крылья
ID 70050675,homeowner,https://www.cian.ru/sale/flat/300890661/,Москва,sale,flat,13,29,1,39.9,-1,0,26000000,Даниловский, Виктора Маслова,2,Автозаводская,RiverSky
ZAPAD REALTY - офис Маршала Жукова,real_estate_agent,https://www.cian.ru/sale/flat/297303079/,Москва,sale,flat,23,43,1,45.0,-1,0,28900000,Хорошево-Мневники,Шелепихинская набережная,34к6,Шелепиха,Сердце Столицы
Real Estate Game,real_estate_agent,https://www.cian.ru/sale/flat/301356448/,Москва,sale,flat,3,27,1,47.0,-1,0,28800000,Раменки, Янковского,1к2,Аминьевская,Событие
BOYKOV Company,real_estate_agent,https://www.cian.ru/sale/flat/299727973/,Москва,sale,flat,16,21,1,42.0,-1,0,29900000,Хорошевский,Хорошевское шоссе,25Ак3,Полежаевская,Династия
RED,real_estate_agent,https://www.cian.ru/sale/flat/300007514/,Москва,sale,flat,16,24,1,55.6,-1,0,30500000,Хорошевский, Авиаконструктора Сухого,2к1,ЦСКА,ЛИЦА
ИНКОМ-Недвижимость,real_estate_agent,https://www.cian.ru/sale/flat/299460844/,Москва,sale,flat,3,5,1,16.0,-1,0,5500000,Кузьминки,Окская ,28К2,Окская,My Space на Окской
Capital Mars,real_estate_agent,https://www.cian.ru/sale/flat/298790582/,Москва,sale,flat,2,8,1,16.3,-1,0,5500000,Савеловский,Бутырская ,53К3,Дмитровская,
Андрей Шкот,realtor,https://www.cian.ru/sale/flat/301917400/,Москва,sale,flat,5,5,1,29.9,-1,0,5500000,,,,,
БЭСТ ФАКТОРИ НЕДВИЖИМОСТЬ,real_estate_agent,https://www.cian.ru/sale/flat/298465903/,Москва,sale,flat,2,3,1,37.6,-1,0,5500000,, Генерала Донскова,29к4,Апрелевка,Борисоглебское
Наталья Мишина,realtor,https://www.cian.ru/sale/flat/298277022/,Москва,sale,flat,3,3,1,41.5,-1,0,5500000,, Генерала Донскова,25к6,Апрелевка,Борисоглебское
Монолит Столица,real_estate_agent,https://www.cian.ru/sale/flat/300433015/,Москва,sale,flat,1,5,1,21.0,-1,0,5500000,Пресненский,Новопресненский переулок,7С2,Краснопресненская,
Кремлёвские Ключи,real_estate_agent,https://www.cian.ru/sale/flat/299105794/,Москва,sale,flat,12,12,-1,34.2,-1,0,5500000,Чертаново Южное, Подольских Курсантов,2к1,Пражская,
Самолет Плюс Москва,real_estate_agent,https://www.cian.ru/sale/flat/301160669/,Москва,sale,flat,4,6,1,15.9,-1,0,5500000,Вешняки,аллея Первой Маевки,15с1,Вешняки,
Upright Estate,real_estate_agent,https://www.cian.ru/sale/flat/296573878/,Москва,sale,flat,2,3,1,35.0,-1,0,5500000,, Вышгородская,14,Апрелевка,Борисоглебское
Сергей Горелкин,realtor,https://www.cian.ru/sale/flat/300288478/,Москва,sale,flat,1,6,1,28.0,-1,0,5600000,, Жемчужная,1к6,Филатов Луг,Марьино Град
Самолет Плюс Москва,real_estate_agent,https://www.cian.ru/sale/flat/299777079/,Москва,sale,flat,1,4,1,33.4,-1,0,5600000,, Ирландская,4к1,Подольск,Ирландский квартал
UNO-Estate,real_estate_agent,https://www.cian.ru/sale/flat/296522814/,Москва,sale,flat,4,4,1,15.0,-1,0,5600000,Соколиная гора,Щербаковская ,41А,Семёновская,
Юлия Шульга,realtor,https://www.cian.ru/sale/flat/300728874/,Москва,sale,flat,4,4,1,40.0,-1,0,5600000,, Ирландская,4к1,Подольск,Ирландский квартал
Денис Каргин,realtor,https://www.cian.ru/sale/flat/294973123/,Москва,sale,flat,3,3,1,22.7,-1,0,5649000,Головинский,Солнечногорский проезд,17,Моссельмаш,
Елена Колокольцева,realtor,https://www.cian.ru/sale/flat/296484240/,Москва,sale,flat,6,9,1,19.0,-1,0,5699000,,проспект Куприна,38к2,Бунинская аллея,Эко Бунино
Денис Каргин,realtor,https://www.cian.ru/sale/flat/294230460/,Москва,sale,flat,2,3,1,23.1,-1,0,5699999,Головинский,Солнечногорский проезд,17,Моссельмаш,
ИНКОМ-Недвижимость,real_estate_agent,https://www.cian.ru/sale/flat/296486978/,Москва,sale,flat,1,14,1,20.7,-1,0,5700000,Братеево,Ключевая ,10К2,Алма-Атинская,
ИНКОМ-Недвижимость,real_estate_agent,https://www.cian.ru/sale/flat/297971520/,Москва,sale,flat,1,6,-1,43.0,-1,0,5700000,Басманный,Большая Почтовая ,18/20К6,Электрозаводская,
Аукционный Дом ТОРГИ-РУ,real_estate_agent,https://www.cian.ru/sale/flat/301741509/,Москва,sale,flat,5,14,1,38.1,-1,0,5725170,Ховрино,Клинская ,18к1,Ховрино,
Адрес,real_estate_agent,https://www.cian.ru/sale/flat/296939878/,Москва,sale,flat,5,6,1,16.2,-1,0,5700000,Перово, 2-я Энтузиастов,5к39,Андроновка,
СмениКварти.Ру,real_estate_agent,https://www.cian.ru/sale/flat/277531258/,Москва,sale,flat,8,9,1,27.6,-1,0,5700000,Южное Тушино, Свободы,35С18,Сходненская,
ИНСТАР Недвижимость,real_estate_agent,https://www.cian.ru/sale/flat/299880337/,Москва,sale,flat,3,5,1,19.4,-1,0,5723000,Марфино,Гостиничный проезд,6К2,Окружная,
Елена Бурлакова,realtor,https://www.cian.ru/sale/flat/295055602/,Москва,sale,flat,3,3,1,35.7,-1,0,5700000,, Десятинная,23,Апрелевка,Борисоглебское
MY HOME,real_estate_agent,https://www.cian.ru/sale/flat/299095001/,Москва,sale,flat,1,5,1,18.8,-1,0,5760000,Таганский, Талалихина,39,Пролетарская,
Денис Каргин,realtor,https://www.cian.ru/sale/flat/294972720/,Москва,sale,flat,2,3,1,23.0,-1,0,5799999,Головинский,Солнечногорский проезд,17,Моссельмаш,
Самолет Плюс Москва,real_estate_agent,https://www.cian.ru/sale/flat/300737127/,Москва,sale,flat,3,5,1,30.3,-1,0,5800000,,,,,
Подмосковные вечера,real_estate_agent,https://www.cian.ru/sale/flat/275040150/,Москва,sale,flat,4,4,1,38.4,-1,0,5800000,, Центральная,33,Крёкшино,
Михаил Максимов,realtor,https://www.cian.ru/sale/flat/297382103/,Москва,sale,flat,1,3,1,42.0,-1,0,5800000,, Генерала Донскова,21к4,Апрелевка,Борисоглебское
PnP Development,real_estate_agent,https://www.cian.ru/sale/flat/291263455/,Москва,sale,flat,1,14,1,24.1,-1,0,5880000,Солнцево,Боровский проезд,24,Солнечная,
Октябрьская,real_estate_agent,https://www.cian.ru/sale/flat/292311184/,Москва,sale,flat,4,5,1,31.3,-1,0,5890000,Новая Москва, Лесная,87,Тёплый Стан,
Денис Каргин,realtor,https://www.cian.ru/sale/flat/301622026/,Москва,sale,flat,3,3,1,22.6,-1,0,5899999,Головинский,Солнечногорский проезд,17,Моссельмаш,
ИНКОМ-Недвижимость,real_estate_agent,https://www.cian.ru/sale/flat/297250645/,Москва,sale,flat,2,7,1,43.7,-1,0,5970000,,,к5Б,Крёкшино,Эдельвейс ЖК
ЕГСН Продажа,real_estate_agent,https://www.cian.ru/sale/flat/301953593/,Москва,sale,flat,4,5,1,30.0,-1,0,5990000,, Садовая,5,Щербинка,
ЕСН,real_estate_agent,https://www.cian.ru/sale/flat/297954187/,Москва,sale,flat,1,7,1,30.0,-1,0,5900000,Сокольники,Малая Остроумовская ,1/10,Сокольники,
Анна Смирнова,realtor,https://www.cian.ru/sale/flat/297496940/,Москва,sale,flat,3,14,-1,40.0,-1,0,5900000,Зябликово,Ореховый бульвар,61К1,Красногвардейская,
Астория,real_estate_agent,https://www.cian.ru/sale/flat/297089589/,Москва,sale,flat,4,5,1,30.4,-1,0,5999000,, Центральная,4,Подольск,
Октябрьская,real_estate_agent,https://www.cian.ru/sale/flat/301544259/,Москва,sale,flat,2,5,1,13.0,-1,0,5900000,Черемушки,Херсонская ,41А,Зюзино,
NOVEL,real_estate_agent,https://www.cian.ru/sale/flat/301230972/,Москва,sale,flat,5,5,1,40.0,-1,0,5900000,, Жемчужная,1к6,Филатов Луг,Марьино Град
Альбина Полякова,realtor,https://www.cian.ru/sale/flat/301322263/,Москва,sale,flat,9,9,1,20.0,-1,0,5950000,,проспект Новосередневский,17к1,Филатов Луг,Середневский лес
НДВ,real_estate_agent,https://www.cian.ru/sale/flat/295982641/,Москва,sale,flat,1,3,1,19.2,-1,0,5990000,Головинский,Солнечногорский проезд,17,Моссельмаш,
Елена Форман,realtor,https://www.cian.ru/sale/flat/290999760/,Москва,sale,flat,3,5,1,20.0,-1,0,5999999,Марфино,Гостиничная ,5,Окружная,
ИНКОМ-Недвижимость,real_estate_agent,https://www.cian.ru/sale/flat/301562663/,Москва,sale,flat,2,6,1,22.1,-1,0,6000000,Вешняки,аллея Первой Маевки,15с1,Вешняки,
Дeльта,real_estate_agent,https://www.cian.ru/sale/flat/301497888/,Москва,sale,flat,3,5,-1,30.1,-1,0,6000000,Котловка,Нагорная ,29К4,Нагорная,
Сергей Горелкин,realtor,https://www.cian.ru/sale/flat/300337168/,Москва,sale,flat,3,6,1,28.0,-1,0,6000000,, Жемчужная,1к6,Филатов Луг,Марьино Град
Этажи Москва,real_estate_agent,https://www.cian.ru/sale/flat/301504018/,Москва,sale,flat,3,3,1,48.8,-1,0,6000000,, Генерала Донскова,23к1,Апрелевка,Борисоглебское
МИЭЛЬ,real_estate_agent,https://www.cian.ru/sale/flat/288557638/,Москва,sale,flat,1,7,1,21.0,-1,0,6089000,Южнопортовый,6-я Кожуховская ,24,Кожуховская,
Наталья Мишина,realtor,https://www.cian.ru/sale/flat/298277557/,Москва,sale,flat,2,3,1,46.5,-1,0,6080000,, Генерала Донскова,25к6,Апрелевка,Борисоглебское
Наталья Мишина,realtor,https://www.cian.ru/sale/flat/298278053/,Москва,sale,flat,3,3,1,46.5,-1,0,6080000,, Генерала Донскова,25к6,Апрелевка,Борисоглебское
Наталья Мишина,realtor,https://www.cian.ru/sale/flat/298296912/,Москва,sale,flat,1,3,1,46.47,-1,0,6050000,, Генерала Донскова,25к5,Апрелевка,Борисоглебское
Виктор Мягкий,realtor,https://www.cian.ru/sale/flat/298062136/,Москва,sale,flat,2,4,1,30.1,-1,0,6050000,, Парковая,11,Крёкшино,
Простор-недвижимость,real_estate_agent,https://www.cian.ru/sale/flat/299016463/,Москва,sale,flat,4,9,1,26.8,-1,0,6128125,Люблино, Верхние Поля,27С2,Братиславская,
SKYHOUND,real_estate_agent,https://www.cian.ru/sale/flat/298014479/,Москва,sale,flat,1,3,1,34.2,-1,0,6100000,, Десятинная,2к1,Апрелевка,Борисоглебское
ХОРЕКА ИНВЕСТ,real_estate_agent,https://www.cian.ru/sale/flat/299691408/,Москва,sale,flat,2,4,1,13.8,-1,0,6100000,Аэропорт,Большой Коптевский проезд,3С1,Красный Балтиец,
Наталья Мишина,realtor,https://www.cian.ru/sale/flat/298358914/,Москва,sale,flat,3,3,1,46.5,-1,0,6100000,, Генерала Донскова,25к5,Апрелевка,Борисоглебское
Наталья Мишина,realtor,https://www.cian.ru/sale/flat/298104305/,Москва,sale,flat,2,3,1,46.47,-1,0,6100000,, Генерала Донскова,25к5,Апрелевка,Борисоглебское
DREAM HOUSE,real_estate_agent,https://www.cian.ru/sale/flat/256835034/,Москва,sale,flat,3,3,1,34.2,-1,0,6100000,, Борисоглебская Слобода,19,Саларьево,Борисоглебское
Денис Камышанский,realtor,https://www.cian.ru/sale/flat/298819918/,Москва,sale,flat,3,3,1,33.4,-1,0,6100000,, Борисоглебская Слобода,7к2,Апрелевка,Борисоглебское
Елена Паршикова,realtor,https://www.cian.ru/sale/flat/295108777/,Москва,sale,flat,3,6,1,29.7,-1,0,6100000,, Жемчужная,1к6,Филатов Луг,Марьино Град
Пилигрим,real_estate_agent,https://www.cian.ru/sale/flat/300928173/,Москва,sale,flat,4,5,1,38.8,-1,0,6100000,,,,,
БЕСТ-Недвижимость на Баррикадной,real_estate_agent,https://www.cian.ru/sale/flat/293493990/,Москва,sale,flat,4,9,1,27.0,-1,0,6128125,Люблино, Верхние Поля,27С2,Братиславская,
Елена Мирова,realtor,https://www.cian.ru/sale/flat/299482165/,Москва,sale,flat,1,5,1,52.8,-1,0,6150000,Академический, Винокурова,7/5К2,Академическая,
Октябрьская,real_estate_agent,https://www.cian.ru/sale/flat/301848086/,Москва,sale,flat,5,5,1,20.0,-1,0,6199000,Марфино,Гостиничный проезд,8К1,Окружная,
Владис,real_estate_agent,https://www.cian.ru/sale/flat/297665778/,Москва,sale,flat,4,9,1,26.8,-1,0,6182125,Люблино, Верхние Поля,27С2,Братиславская,
Наталья Селиванова,realtor,https://www.cian.ru/sale/flat/300533607/,Москва,sale,flat,1,5,1,30.1,-1,0,6190000,,,,,
КомиссиON ВТБ,real_estate_agent,https://www.cian.ru/sale/flat/299376630/,Москва,sale,flat,1,4,1,30.9,-1,0,6150000,,переулок Гаражный,1,Мичуринец,
Самолет Плюс - Москва,real_estate_agent,https://www.cian.ru/sale/flat/301873285/,Москва,sale,flat,3,4,1,28.0,-1,0,6200000,,,2,Прокшино,
ID 23264,realtor,https://www.cian.ru/sale/flat/301431563/,Москва,sale,flat,6,12,1,42.5,-1,0,6250000,, Гореловская,3,Силикатная,
Самолет Плюс,real_estate_agent,https://www.cian.ru/sale/flat/297948597/,Москва,sale,flat,3,12,1,41.5,-1,0,6200000,, Гореловская,3,Силикатная,
Сити Недвижимость,real_estate_agent,https://www.cian.ru/sale/flat/296475412/,Москва,sale,flat,1,4,1,15.0,-1,0,6200000,Бабушкинский,Верхоянская ,10,Свиблово,
i-deal,real_estate_agent,https://www.cian.ru/sale/flat/299562394/,Москва,sale,flat,2,8,1,27.0,-1,0,6219000,Таганский,Нижегородская ,32С15а,Калитники,
Александр Арно,realtor,https://www.cian.ru/sale/flat/298375255/,Москва,sale,flat,1,2,1,11.0,-1,0,6290000,Басманный,Гороховский переулок,6/1С2,Курская,
БЕСТ-Недвижимость на Баррикадной,real_estate_agent,https://www.cian.ru/sale/flat/290839049/,Москва,sale,flat,2,3,1,34.0,-1,0,6299000,, Борисоглебская Слобода,14,Апрелевка,Борисоглебское
Panorama Realty,real_estate_agent,https://www.cian.ru/sale/flat/293475516/,Москва,sale,flat,5,5,1,34.0,-1,0,6200000,,,,,
Денис Каргин,realtor,https://www.cian.ru/sale/flat/285374995/,Москва,sale,flat,6,6,1,29.5,-1,0,6299000,Восточное Измайлово,Первомайская ,126,Первомайская,
Виктория Дускалиева,realtor,https://www.cian.ru/sale/flat/297217531/,Москва,sale,flat,1,3,1,30.7,-1,0,6200000,,,2,Тёплый Стан,
Римарком Владис,real_estate_agent,https://www.cian.ru/sale/flat/298038792/,Москва,sale,flat,4,4,1,38.8,-1,0,6300000,, Ирландская,4к2,Подольск,Ирландский квартал
Елена Мирова,realtor,https://www.cian.ru/sale/flat/298986136/,Москва,sale,flat,1,1,1,40.4,-1,0,6300000,Басманный, Радио,10С2а,Курская,
МИЭЛЬ,real_estate_agent,https://www.cian.ru/sale/flat/297145162/,Москва,sale,flat,2,3,1,19.7,-1,0,6300000,Басманный,Большая Почтовая ,38С6,Электрозаводская,
АПРИОРИ,real_estate_agent,https://www.cian.ru/sale/flat/301503149/,Москва,sale,flat,2,17,1,35.0,-1,0,6300000,, Текстильщиков,3к1,Троицк,
i-deal,real_estate_agent,https://www.cian.ru/sale/flat/299025994/,Москва,sale,flat,2,8,1,27.0,-1,0,6333000,Таганский,Нижегородская ,32С15а,Калитники,
Татьяна Павлова,realtor,https://www.cian.ru/sale/flat/297788536/,Москва,sale,flat,4,5,1,19.0,-1,0,6300000,Солнцево, 50 лет Октября,2К2,Говорово,
Байлар,real_estate_agent,https://www.cian.ru/sale/flat/294946828/,Москва,sale,flat,3,3,1,35.4,-1,0,6300000,, Борисоглебская Слобода,8,Апрелевка,Борисоглебское
СмениКварти.Ру,real_estate_agent,https://www.cian.ru/sale/flat/298451289/,Москва,sale,flat,2,3,1,35.4,-1,0,6300000,, Вышгородская,2,Апрелевка,Борисоглебское
Комета Эстейт,real_estate_agent,https://www.cian.ru/sale/flat/298484887/,Москва,sale,flat,4,6,1,18.0,-1,0,6300000,Пресненский,Электрический переулок,8С1,Белорусская,
НДВ,real_estate_agent,https://www.cian.ru/sale/flat/295670716/,Москва,sale,flat,1,3,1,20.0,-1,0,6307760,Головинский,Солнечногорский проезд,17,Моссельмаш,
UNO-Estate,real_estate_agent,https://www.cian.ru/sale/flat/284009990/,Москва,sale,flat,4,5,1,13.0,-1,0,6300000,Красносельский,Краснопрудная ,22А,Красносельская,
ИНКОМ-Недвижимость,real_estate_agent,https://www.cian.ru/sale/flat/300308227/,Москва,sale,flat,17,17,1,25.0,-1,0,6350000,, Генерала Пилипенко,1к1,Коммунарка,Кленовые Аллеи
Монолит Столица,real_estate_agent,https://www.cian.ru/sale/flat/296478432/,Москва,sale,flat,3,3,1,43.1,-1,0,6350000,, Николинские Ключи,30,Крёкшино,Ново-Никольское
Манхэттен эстейт,real_estate_agent,https://www.cian.ru/sale/flat/284608380/,Москва,sale,flat,1,3,1,32.7,-1,0,6350000,, Десятинная,13,Апрелевка,Борисоглебское
БЕСТ-Недвижимость на Баррикадной,real_estate_agent,https://www.cian.ru/sale/flat/279800832/,Москва,sale,flat,1,9,1,30.0,-1,0,6370000,Люблино, Верхние Поля,27С2,Братиславская,
Галина Козлова,realtor,https://www.cian.ru/sale/flat/286210831/,Москва,sale,flat,4,5,1,31.1,-1,0,6350000,Новая Москва, Лесная,81,,
Простор-недвижимость,real_estate_agent,https://www.cian.ru/sale/flat/298340835/,Москва,sale,flat,2,3,1,35.3,-1,0,6400000,, Вышгородская,8,Апрелевка,Борисоглебское
МИЭЛЬ,real_estate_agent,https://www.cian.ru/sale/flat/301314881/,Москва,sale,flat,1,5,1,35.4,-1,0,6400000,,,3,Подольск,
Наталья Мишина,realtor,https://www.cian.ru/sale/flat/298022502/,Москва,sale,flat,3,3,1,49.1,-1,0,6400000,, Генерала Донскова,27к3,Апрелевка,Борисоглебское
На Петровке,real_estate_agent,https://www.cian.ru/sale/flat/300184257/,Москва,sale,flat,2,6,1,24.0,-1,0,6400000,Вешняки,аллея Первой Маевки,15с1,Вешняки,
Доступная Недвижимость Офис Сретенский,real_estate_agent,https://www.cian.ru/sale/flat/299587797/,Москва,sale,flat,1,7,1,32.5,-1,0,6400000,,,к9,Санино,Баркли Медовая Долина ЖК
ИНКОМ-Недвижимость,real_estate_agent,https://www.cian.ru/sale/flat/300759585/,Москва,sale,flat,1,3,1,34.7,-1,0,6500000,, Генерала Трошева,26,Филатов Луг,
Capital Mars,real_estate_agent,https://www.cian.ru/sale/flat/301959731/,Москва,sale,flat,3,10,1,13.0,-1,0,6500000,Нижегородский,Подъемная ,14С37,Авиамоторная,
Недвижимость - Ближнее Переделкино,real_estate_agent,https://www.cian.ru/sale/flat/291279672/,Москва,sale,flat,2,7,1,35.5,-1,0,6500000,Марушкинское поселение, Медовая Долина,1к1,,Баркли Медовая долина
Est-a-Tet – Вторичная недвижимость,real_estate_agent,https://www.cian.ru/sale/flat/301291628/,Москва,sale,flat,3,3,1,35.6,-1,0,6500000,, Генерала Донскова,27к4,Апрелевка,Борисоглебское
Новый дом,real_estate_agent,https://www.cian.ru/sale/flat/301612398/,Москва,sale,flat,3,9,1,33.0,-1,0,6500000,, Дзержинского,1,Кокошкино,
EstateLiga,real_estate_agent,https://www.cian.ru/sale/flat/299890881/,Москва,sale,flat,4,6,1,22.7,-1,0,6500000,Орехово-Борисово Северное,Домодедовская ,4,Орехово,Аэровилла
Простор-недвижимость,real_estate_agent,https://www.cian.ru/sale/flat/294074358/,Москва,sale,flat,3,6,1,32.0,-1,0,6500000,Чертаново Северное,Варшавское шоссе,125,Южная,
Манхэттен эстейт,real_estate_agent,https://www.cian.ru/sale/flat/284286376/,Москва,sale,flat,2,3,1,45.9,-1,0,6500000,, Генерала Донскова,19к1,Апрелевка,Борисоглебское
Татьяна Орешина,realtor,https://www.cian.ru/sale/flat/301436421/,Москва,sale,flat,3,8,1,38.7,-1,0,6500000,,аллея Буковая,14,Коммунарка,Андерсен
UNO - Отдел краткосрочной аренды,real_estate_agent,https://www.cian.ru/sale/flat/299776751/,Москва,sale,flat,1,2,1,37.0,-1,0,6500000,Соколиная гора,Вольная ,25С3,Семёновская,
Андрей Слободский,realtor,https://www.cian.ru/sale/flat/301376083/,Москва,sale,flat,1,5,1,23.0,-1,0,6500000,Савеловский,1-я Хуторская ,2К2,Дмитровская,
Геннадий Бегучев,realtor,https://www.cian.ru/sale/flat/301053065/,Москва,sale,flat,1,9,1,26.0,-1,0,6500000,Ивановское,Малый Купавенский проезд,5К2,Первомайская,
Кутузовский проспект,real_estate_agent,https://www.cian.ru/sale/flat/294948955/,Москва,sale,flat,2,5,1,18.2,-1,0,6500000,Марфино,Гостиничная ,10К5,Окружная,Апартаменты Алтай
Марина Ильина,realtor,https://www.cian.ru/sale/flat/297248368/,Москва,sale,flat,1,5,1,30.0,-1,0,6500000,Марфино,Гостиничная ,10К5,Окружная,Апартаменты Алтай
МИЦ-Столичный ипотечный центр недвижимости,real_estate_agent,https://www.cian.ru/sale/flat/299237703/,Москва,sale,flat,4,9,-1,31.5,-1,0,6500000,Раменки, Столетова,4,Ломоносовский проспект,
Авенир,real_estate_agent,https://www.cian.ru/sale/flat/300934735/,Москва,sale,flat,3,4,1,37.4,-1,0,6500000,, Ирландская,4к1,Подольск,Ирландский квартал
ИНКОМ-Недвижимость,real_estate_agent,https://www.cian.ru/sale/flat/301358657/,Москва,sale,flat,8,12,1,41.1,-1,0,6550000,, Гореловская,3,Силикатная,
PORTAL ESTATE,real_estate_agent,https://www.cian.ru/sale/flat/297989659/,Москва,sale,flat,4,5,1,36.0,-1,0,6599999,, Прудовая,1а,Щербинка,
METRAGE,real_estate_agent,https://www.cian.ru/sale/flat/301503681/,Москва,sale,flat,1,14,1,26.3,-1,0,6600000,Северное Бутово,Старобитцевская ,7,Бульвар Дмитрия Донского,
ИНКОМ-Недвижимость,real_estate_agent,https://www.cian.ru/sale/flat/299028339/,Москва,sale,flat,3,3,1,34.4,-1,0,6600000,, Героя России Чернышева,5,Филатов Луг,
Владис,real_estate_agent,https://www.cian.ru/sale/flat/300929882/,Москва,sale,flat,2,3,1,20.6,-1,0,6600000,Нижегородский,шоссе Фрезер,17АС1,Нижегородская,
Татьяна Попова,realtor,https://www.cian.ru/sale/flat/292147309/,Москва,sale,flat,1,6,1,30.0,-1,0,6600000,, Жемчужная,1к2,Филатов Луг,Марьино Град
Мечты сбываются,real_estate_agent,https://www.cian.ru/sale/flat/297086326/,Москва,sale,flat,2,8,1,32.2,-1,0,6600000,, Золотошвейная,6,Филатов Луг,Цветочные Поляны
Монолит Столица,real_estate_agent,https://www.cian.ru/sale/flat/299009289/,Москва,sale,flat,4,5,1,16.2,-1,0,6600000,Аэропорт,2-й Амбулаторный проезд,8С3,Красный Балтиец,
Гурам Базадзе,realtor,https://www.cian.ru/sale/flat/300654163/,Москва,sale,flat,16,17,1,36.6,-1,0,6600000,, Текстильщиков,3к2,Крёкшино,
ГОРОБМЕН,real_estate_agent,https://www.cian.ru/sale/flat/299709724/,Москва,sale,flat,9,9,1,22.0,-1,0,6600000,, Золотошвейная,5,Филатов Луг,Цветочные Поляны
Светлана Ким,realtor,https://www.cian.ru/sale/flat/300121399/,Москва,sale,flat,4,7,1,36.64,-1,0,6600000,, Медовая Долина,1к2,Санино,
НДВ,real_estate_agent,https://www.cian.ru/sale/flat/295685444/,Москва,sale,flat,3,3,1,20.0,-1,0,6609260,Головинский,Солнечногорский проезд,17,Моссельмаш,
ИНКОМ-Недвижимость,real_estate_agent,https://www.cian.ru/sale/flat/299249033/,Москва,sale,flat,3,3,1,43.6,-1,0,6700000,, Джонатана Свифта,7,Подольск,
Владис,real_estate_agent,https://www.cian.ru/sale/flat/297665782/,Москва,sale,flat,5,9,1,29.5,-1,0,6688500,Люблино, Верхние Поля,27С2,Братиславская,
Этажи Москва,real_estate_agent,https://www.cian.ru/sale/flat/298225520/,Москва,sale,flat,4,4,1,26.0,-1,0,6700000,Аэропорт,2-й Амбулаторный проезд,8С3,Красный Балтиец,
Наталья Рыжова,realtor,https://www.cian.ru/sale/flat/299989614/,Москва,sale,flat,15,17,1,34.0,-1,0,6700000,, Текстильщиков,3к2,Крёкшино,
Офис на Серпуховской,real_estate_agent,https://www.cian.ru/sale/flat/295334170/,Москва,sale,flat,4,5,1,36.0,-1,0,6699999,, Прудовая,1,Щербинка,
Инна Ефремова,realtor,https://www.cian.ru/sale/flat/301927966/,Москва,sale,flat,5,9,1,27.0,-1,0,6650000,Савёлки,Зеленоград,к702,Зеленоград — Крюково,
Ольга Оводова,realtor,https://www.cian.ru/sale/flat/286148739/,Москва,sale,flat,5,7,1,35.4,-1,0,6700000,,,1к2,Рассказовка,Баркли Медовая Долина ЖК
Сити Недвижимость,real_estate_agent,https://www.cian.ru/sale/flat/296475414/,Москва,sale,flat,1,4,1,19.0,-1,0,6700000,Бабушкинский,Верхоянская ,10,Свиблово,
МИЭЛЬ,real_estate_agent,https://www.cian.ru/sale/flat/301224161/,Москва,sale,flat,7,7,1,38.1,-1,0,6700000,, Медовая Долина,2,Санино,Баркли Медовая долина
МЕЗОН,real_estate_agent,https://www.cian.ru/sale/flat/301166044/,Москва,sale,flat,17,19,1,35.1,-1,0,6700000,,,40к1,Бунинская аллея,Санрайс
Московский Союз Недвижимости,real_estate_agent,https://www.cian.ru/sale/flat/295180835/,Москва,sale,flat,9,16,1,20.0,-1,0,6700000,Отрадное,Алтуфьевское шоссе,2,Владыкино,
Вероника,real_estate_agent,https://www.cian.ru/sale/flat/265206637/,Москва,sale,flat,2,5,1,42.0,-1,0,6700000,пос. Рогово, Березки,10к2,,Кутузовские берёзы
Владимир Борисов,realtor,https://www.cian.ru/sale/flat/292352905/,Москва,sale,flat,3,3,1,34.0,-1,0,6650000,Благодать кп, Генерала Трошева,20,,
Денис Каргин,realtor,https://www.cian.ru/sale/flat/301852194/,Москва,sale,flat,1,5,1,28.6,-1,0,6749999,Марфино,Гостиничная ,5,Окружная,
Алексей Иваньков,realtor,https://www.cian.ru/sale/flat/301307885/,Москва,sale,flat,2,14,1,30.0,-1,0,6660000,,,,,
ИНКОМ-Недвижимость,real_estate_agent,https://www.cian.ru/sale/flat/293249586/,Москва,sale,flat,2,9,1,30.0,-1,0,6750000,, Золотошвейная,2,Филатов Луг,Цветочные Поляны
Евгений Блинников,realtor,https://www.cian.ru/sale/flat/300302065/,Москва,sale,flat,1,6,1,21.0,-1,0,6750000,Соколиная гора,переулок Мажоров,4,Семёновская,
Владис,real_estate_agent,https://www.cian.ru/sale/flat/297902607/,Москва,sale,flat,6,9,1,30.6,-1,0,6800000,,проспект Куприна,38к2,Бунинская аллея,Эко Бунино
FriendlyHome офис Комсомольская,real_estate_agent,https://www.cian.ru/sale/flat/299556217/,Москва,sale,flat,1,14,1,33.9,-1,0,6800000,, Логинова,5к1,Щербинка,Остафьево
Октябрьская,real_estate_agent,https://www.cian.ru/sale/flat/294762626/,Москва,sale,flat,12,14,1,24.0,-1,0,6850000,,проспект Куприна,32к2,Бунинская аллея,Эко Бунино
Елена Мирова,realtor,https://www.cian.ru/sale/flat/300212234/,Москва,sale,flat,1,5,1,58.8,-1,0,6800000,Басманный,Плетешковский переулок,3АС1,Бауманская,
Владис,real_estate_agent,https://www.cian.ru/sale/flat/301737184/,Москва,sale,flat,1,8,1,25.0,-1,0,6800000,Южнопортовый,1-я Дубровская ,13,Дубровка,
REALTY PRО,real_estate_agent,https://www.cian.ru/sale/flat/294542761/,Москва,sale,flat,5,5,1,10.2,-1,0,6890000,Пресненский,Электрический переулок,3/10С1,Белорусская,
МИЭЛЬ,real_estate_agent,https://www.cian.ru/sale/flat/284489277/,Москва,sale,flat,1,3,1,20.9,-1,0,6895000,Басманный,Большая Почтовая ,38С6,Электрозаводская,
МИЭЛЬ,real_estate_agent,https://www.cian.ru/sale/flat/300660400/,Москва,sale,flat,6,17,1,28.6,-1,0,6800000,, Яворки,1к6,Коммунарка,Кленовые Аллеи
Монолит Столица,real_estate_agent,https://www.cian.ru/sale/flat/299070616/,Москва,sale,flat,7,19,1,30.0,-1,0,6800000,, Барышевская Роща,12,Щербинка,Прима-Парк
Монолит Столица,real_estate_agent,https://www.cian.ru/sale/flat/292686010/,Москва,sale,flat,4,4,1,42.0,-1,0,6800000,, Центральная,35,Крёкшино,
Сергей Ефремов,realtor,https://www.cian.ru/sale/flat/291968595/,Москва,sale,flat,5,7,1,42.0,-1,0,6850000,,,к7,Рассказовка,Баркли Медовая Долина ЖК
RealLife,real_estate_agent,https://www.cian.ru/sale/flat/292898468/,Москва,sale,flat,11,16,1,44.9,-1,0,6899000,,,,Апрелевка,
ОГРК,real_estate_agent,https://www.cian.ru/sale/flat/293259852/,Москва,sale,flat,11,15,1,32.0,-1,0,6800000,,,к12,Коммунарка,Кленовые Аллеи ЖК
Борис Балганов,realtor,https://www.cian.ru/sale/flat/299185625/,Москва,sale,flat,1,10,1,28.0,-1,0,6800000,Бирюлево Западное,Булатниковская ,3К4,Битца,
Виктория Дускалиева,realtor,https://www.cian.ru/sale/flat/301860926/,Москва,sale,flat,4,4,1,37.0,-1,0,6850000,Былово кп, Радужная,15,,
Денис Каргин,realtor,https://www.cian.ru/sale/flat/294971554/,Москва,sale,flat,1,3,1,25.1,-1,0,6899000,Головинский,Солнечногорский проезд,17,Моссельмаш,
Est-a-Tet – Вторичная недвижимость,real_estate_agent,https://www.cian.ru/sale/flat/299633102/,Москва,sale,flat,2,3,1,35.2,-1,0,6900000,, Героя России Чернышева,5,Филатов Луг,
Гарант-Недвижимость,real_estate_agent,https://www.cian.ru/sale/flat/301750636/,Москва,sale,flat,3,5,1,19.2,-1,0,6900000,Солнцево, 50 лет Октября,2К2,Говорово,
Простор-недвижимость,real_estate_agent,https://www.cian.ru/sale/flat/299501100/,Москва,sale,flat,9,9,1,15.8,-1,0,6900000,Головинский,Фестивальная ,52,Грачёвская,My Space на Фестивальной
Алексей Рыбаков,realtor,https://www.cian.ru/sale/flat/301670086/,Москва,sale,flat,2,3,1,53.9,-1,0,6900000,, Генерала Донскова,27к5,Апрелевка,Борисоглебское
Ксения Цыркунова,realtor,https://www.cian.ru/sale/flat/298881008/,Москва,sale,flat,3,4,1,28.8,-1,0,6900000,, Жемчужная,1к8,Филатов Луг,Марьино Град
Римарком Владис,real_estate_agent,https://www.cian.ru/sale/flat/299468385/,Москва,sale,flat,3,10,1,33.8,-1,0,6990000,, Текстильщиков,6,Коммунарка,
REALTY PRО,real_estate_agent,https://www.cian.ru/sale/flat/296418700/,Москва,sale,flat,10,13,1,14.6,-1,0,6990000,Даниловский,Автозаводская ,23Ак2,ЗИЛ,
REALTY PRО,real_estate_agent,https://www.cian.ru/sale/flat/294544035/,Москва,sale,flat,5,5,1,10.9,-1,0,6990000,Пресненский,Электрический переулок,3/10С1,Белорусская,
Сити Недвижимость,real_estate_agent,https://www.cian.ru/sale/flat/296475420/,Москва,sale,flat,1,4,1,20.0,-1,0,6990000,Бабушкинский,Верхоянская ,10,Свиблово,
